Peel Remote Service,419839633,https://shop.qoin.world/listing/peel-remote-service/,"Mandurah WA, Australia"
RS SERVICES,61426639696,https://shop.qoin.world/listing/rs-services/,"1/107 Ballarat Road, Maidstone VIC, Australia"
UTS Tertiary Tutors - Proud affiliate of Tutor Group (TG),02 8488 0965,https://shop.qoin.world/listing/uts-tertiary-tutors-proud-affiliate-of-tutor-group-tg/,"Ultimo NSW, Australia"
UNEW Tertiary Tutors - Proud affiliate of Tutor Group (TG),02 4039 8048,https://shop.qoin.world/listing/unew-tertiary-tutors-proud-affiliate-of-tutor-group-tg/,"Callaghan NSW, Australia"
UOW Tertiary Tutors - Proud affiliate of Tutor Group (TG),02 4243 7536,https://shop.qoin.world/listing/uow-tertiary-tutors-proud-affiliate-of-tutor-group-tg/,"Wollongong NSW, Australia"
UWS Tertiary Tutors - Proud affiliate of Tutor Group (TG),02 8880 0451,https://shop.qoin.world/listing/uws-tertiary-tutors-proud-affiliate-of-tutor-group-tg/,"Penrith NSW, Australia"
QUT Tertiary Tutors - Proud affiliate of Tutor Group (TG),07 3177 6305,https://shop.qoin.world/listing/qut-tertiary-tutors-proud-affiliate-of-tutor-group-tg/,"Kelvin Grove QLD, Australia"
UQ Tertiary Tutors - Proud affiliate of Tutor Group (TG),07 3067 0633,https://shop.qoin.world/listing/uq-tertiary-tutors-proud-affiliate-of-tutor-group-tg/,"St Lucia QLD, Australia"
ANU Tertiary Tutors - Proud affiliate of Tutor Group (TG),02 5104 0654,https://shop.qoin.world/listing/anu-tertiary-tutors-proud-affiliate-of-tutor-group-tg/,"Acton ACT, Australia"
CQU Tertiary Tutors - Proud affiliate of Tutor Group (TG),07 3063 8942,https://shop.qoin.world/listing/cqu-tertiary-tutors-proud-affiliate-of-tutor-group-tg/,"Fortitude Valley QLD, Australia"
JCU Tertiary Tutors - Proud affiliate of Tutor Group (TG),07 3106 8961,https://shop.qoin.world/listing/jcu-tertiary-tutors-proud-affiliate-of-tutor-group-tg/,"Townsville QLD, Australia"
GRIFF Tertiary Tutors - Proud affiliate of Tutor Group (TG),07 3063 0757,https://shop.qoin.world/listing/griff-tertiary-tutors-proud-affiliate-of-tutor-group-tg/,"Nathan QLD, Australia"
USC Tertiary Tutors - Proud affiliate of Tutor Group (TG),07 3667 7483,https://shop.qoin.world/listing/usc-tertiary-tutors-proud-affiliate-of-tutor-group-tg/,"Sippy Downs QLD, Australia"
Australian Corporate Transport,61414184640,https://shop.qoin.world/listing/australian-corporate-transport/,"Blacktown NSW, Australia"
SCU Tertiary Tutors - Proud affiliate of Tutor Group (TG),02 8317 3631,https://shop.qoin.world/listing/scu-tertiary-tutors-proud-affiliate-of-tutor-group-tg/,"Surry Hills NSW, Australia"
Sticky Stickers,800478425,https://shop.qoin.world/listing/sticky-stickers/,"59 Hull Road, Mount Maunganui, New Zealand"
UNE Tertiary Tutors - Proud affiliate of Tutor Group (TG),02 8599 6151,https://shop.qoin.world/listing/une-tertiary-tutors-proud-affiliate-of-tutor-group-tg/,"Parramatta NSW, Australia"
CSU Tertiary Tutors - Proud affiliate of Tutor Group (TG),02 8317 3408,https://shop.qoin.world/listing/csu-tertiary-tutors-proud-affiliate-of-tutor-group-tg/,"Sydney CBD, NSW, Australia"
BIK’S Bars,425787692,https://shop.qoin.world/listing/biks-bars/,"Werribee VIC, Australia"
ACU Tertiary Tutors - Proud affiliate of Tutor Group (TG),07 3667 7482,https://shop.qoin.world/listing/acu-tertiary-tutors-proud-affiliate-of-tutor-group-tg/,"Banyo QLD, Australia"
USQ Tertiary Tutors - Proud affiliate of Tutor Group (TG),07 3067 0664,https://shop.qoin.world/listing/usq-tertiary-tutors-proud-affiliate-of-tutor-group-tg/,"Springfield QLD, Australia"
DEAKIN Tertiary Tutors - Proud affiliate of Tutor Group (TG),03 9111 2463,https://shop.qoin.world/listing/deakin-tertiary-tutors-proud-affiliate-of-tutor-group-tg/,"Burwood VIC, Australia"
UOC Tertiary Tutors - Proud affiliate of Tutor Group (TG),02 5104 0655,https://shop.qoin.world/listing/uoc-tertiary-tutors-proud-affiliate-of-tutor-group-tg/,"Bruce ACT, Australia"
RMIT Tertiary Tutors - Proud affiliate of Tutor Group (TG),03 9034 5181,https://shop.qoin.world/listing/rmit-tertiary-tutors-proud-affiliate-of-tutor-group-tg/,"Melbourne City, VIC, Australia"
SUT Tertiary Tutors - Proud affiliate of Tutor Group (TG),03 9021 6916,https://shop.qoin.world/listing/sut-tertiary-tutors-proud-affiliate-of-tutor-group-tg/,"Hawthorn VIC, Australia"
MQU Tertiary Tutors - Proud affiliate of Tutor Group (TG),02 8488 0921,https://shop.qoin.world/listing/mqu-tertiary-tutors-proud-affiliate-of-tutor-group-tg/,"North Ryde NSW, Australia"
UTAS Tertiary Tutors - Proud affiliate of Tutor Group (TG),03 6107 9635,https://shop.qoin.world/listing/utas-tertiary-tutors-proud-affiliate-of-tutor-group-tg/,"Hobart TAS, Australia"
CDU Tertiary Tutors - Proud affiliate of Tutor Group (TG),08 7905 4730,https://shop.qoin.world/listing/cdu-tertiary-tutors-proud-affiliate-of-tutor-group-tg/,"Casuarina NT, Australia"
UWA Tertiary Tutors - Proud affiliate of Tutor Group (TG),08 6555 7929,https://shop.qoin.world/listing/uwa-tertiary-tutors-proud-affiliate-of-tutor-group-tg/,"Crawley WA, Australia"
NDA Tertiary Tutors - Proud affiliate of Tutor Group (TG),08 6245 0413,https://shop.qoin.world/listing/nda-tertiary-tutors-proud-affiliate-of-tutor-group-tg/,"Fremantle WA, Australia"
USA Tertiary Tutors - Proud affiliate of Tutor Group (TG),08 8233 0860,https://shop.qoin.world/listing/usa-tertiary-tutors-proud-affiliate-of-tutor-group-tg/,"South Terrace, Adelaide SA, Australia"
Brisbane Cheap Tyres,(07) 3808 8857,https://shop.qoin.world/listing/brisbane-cheap-tyres/,"13 Moss Street, Slacks Creek QLD, Australia"
Insink Plumbing Pty Ltd,61419359808,https://shop.qoin.world/listing/insink-plumbing-pty-ltd/,"Brisbane QLD, Australia"
Turkish Kebab and Cuisine,0410 102 265,https://shop.qoin.world/listing/turkish-kebab-and-cuisine/,"Shop 19/11 Burnett Street, Manly West QLD, Australia"
Team Electric,427768378,https://shop.qoin.world/listing/team-electric/,"Paradise Point QLD, Australia"
EV Charger Australia,427768378,https://shop.qoin.world/listing/ev-charger-australia/,"Gold Coast QLD, Australia"
Evolution Of The Arts,0460 649 671,https://shop.qoin.world/listing/evolution-of-the-arts/,Australia
Bro barbershop,404123756,https://shop.qoin.world/listing/bro-barbershop/,"2-8 Edenlea Dr, Meadowbrook QLD 4131, Australia"
Wildflower Herbals & Organics,212562873,https://shop.qoin.world/listing/wildflower-herbals-organics/,"237 Whitaker Street, Te Aroha, New Zealand"
Nutrition and Wealth,212562873,https://shop.qoin.world/listing/nutrition-and-wealth/,"86 Evans Road, Papamoa Beach, Papamoa, New Zealand"
Better Energy Solutions,275302751,https://shop.qoin.world/listing/better-energy-solutions/,"Hamilton, New Zealand"
Waikino Gardening Services,212562873,https://shop.qoin.world/listing/waikino-gardening-services/,"129 Princes Street, Waikino, New Zealand"
TNH Solar,439429788,https://shop.qoin.world/listing/tnh-solar/,"Wodonga VIC, Australia"
Essendon Chiropractic Centre,418398722,https://shop.qoin.world/listing/essendon-chiropractic-centre/,"799 Mt Alexander Rd, Moonee Ponds VIC, Australia"
Dr Tint Rotorua,027 637 8468,https://shop.qoin.world/listing/dr-tint-rotorua/,"35B Raniera Place, Springfield, Rotorua, New Zealand"
Graeme Smith Welding,412617378,https://shop.qoin.world/listing/graeme-smith-welding/,"6 Stony Ridge Road, Armidale NSW 2350, Australia"
PachamamaH Connection,451853982,https://shop.qoin.world/listing/pachamamah-connection/,"112-114 Boyce Rd, Maroubra NSW 2035, Australia"
Keg Consultation Group,418350623,https://shop.qoin.world/listing/keg-consultation-group/,"21 Aylmer Street, Balwyn North VIC 3104, Australia"
Metta Movement,432876961,https://shop.qoin.world/listing/metta-movement/,"Upper Fort St, Millers Point NSW 2000, Australia"
Xiao Chinese Teacher,434092795,https://shop.qoin.world/listing/xiao-chinese-teacher/,"Upper Fort St, Millers Point NSW 2000, Australia"
Beachside Coatings,61407460908,https://shop.qoin.world/listing/beachside-coatings/,"Currimundi QLD, Australia"
Modern Structures,272251633,https://shop.qoin.world/listing/modern-structures/,"18 Laburnum Glen, Mount Maunganui, New Zealand"
Hardwick Contracting,276273090,https://shop.qoin.world/listing/hardwick-contracting/,"29A Topaz Drive, Papamoa Beach, Papamoa, New Zealand"
Araneae Web Design Services,422199431,https://shop.qoin.world/listing/araneae-web-design-services/,"Moggill QLD, Australia"
Thinkpac,421950073,https://shop.qoin.world/listing/thinkpac/,"71 Hudson Court, Keysborough VIC, Australia"
MG CO AUSTRALIA PTY LTD,449777877,https://shop.qoin.world/listing/mg-co-australia-pty-ltd-3/,"3 Pamela Court, Warrandyte VIC, Australia"
Remotely,492260469,https://shop.qoin.world/listing/remotely/,"7 Wirraway Avenue, Evans Head NSW, Australia"
Eureka Well-being Solutions,0400-219-343,https://shop.qoin.world/listing/eureka-well-being-solutions/,"8 Hartley Pass, Ellenbrook WA, Australia"
Tina Self Design,0439 414 219,https://shop.qoin.world/listing/tina-self-design/,"Molendinar QLD, Australia"
AutoMates Cars and Finance,414654164,https://shop.qoin.world/listing/automates-cars-and-finance/,"21 Carlyle Street, Enfield NSW, Australia"
Avant Contact,431533491,https://shop.qoin.world/listing/avant-contact/,"7/25 Thomas Drive, Surfers Paradise QLD, Australia"
Urooj Delivery Services,0406 560 197,https://shop.qoin.world/listing/urooj-delivery-services/,"Footscray VIC, Australia"
Ishaq Car Hire Services,0451 997 865,https://shop.qoin.world/listing/ishaq-car-hire-services/,"Tarneit VIC, Australia"
Glitter & Soul Emporium,439790616,https://shop.qoin.world/listing/glitter-soul-emporium/,"8 Flamevine Street, Upper Coomera QLD, Australia"
Sitting Around,754795502,https://shop.qoin.world/listing/sitting-around/,SHOP 8 / 278 NICKLIN WAY
Anthony Huynh,412680926,https://shop.qoin.world/listing/anthony-huynh/,"Nunawading VIC, Australia"
SunCoast EBikes,221854332,https://shop.qoin.world/listing/suncoast-ebikes/,"7 Thebes Grove, Papamoa Beach, Papamoa, New Zealand"
SRG Roofing Sydney,+61483 079 734,https://shop.qoin.world/listing/srg-roofing-sydney/,"Sydney NSW, Australia"
Opotiki Mowers and Chainsaws,274620290,https://shop.qoin.world/listing/opotiki-mowers-and-chainsaws/,"37 Church St, Ōpōtiki, New Zealand"
All About YOU - Health & Beauty,0418 752 428,https://shop.qoin.world/listing/all-about-you-health-beauty/,"Zillmere QLD, Australia"
Wowwee Enterprises Pty Ltd,755726283,https://shop.qoin.world/listing/wowwee-enterprises-pty-ltd/,"2214 Gold Coast Highway, Mermaid Waters QLD, Australia"
AAA JF Home Improvements,61412832228,https://shop.qoin.world/listing/aaa-jf-home-improvements/,"14 Grandview Grove, Toorak Gardens SA, Australia"
TV Magic Liverpool,61484245555,https://shop.qoin.world/listing/tv-magic-liverpool/,"Liverpool NSW, Australia"
VITAL ProJeX,412436393,https://shop.qoin.world/listing/vital-projex/,"Woodend QLD, Australia"
Custom Resin Australia,450884955,https://shop.qoin.world/listing/custom-resin-australia/,"20 Ferngrove Street, Pimpama QLD, Australia"
Productivity Hub Pty Ltd,421067704,https://shop.qoin.world/listing/productivity-hub-pty-ltd/,"93 Mills Street, Warners Bay NSW, Australia"
Lime books,404117773,https://shop.qoin.world/listing/lime-books/,"10 Tilley Lane, Frenchs Forest NSW, Australia"
Gotec Electrical,423778220,https://shop.qoin.world/listing/gotec-electrical/,"Slacks Creek QLD, Australia"
Mansfield Zoo,357773576,https://shop.qoin.world/listing/mansfield-zoo/,"1064 Mansfield-Woods Point Road, Mansfield VIC, Australia"
EPITOME AU,406790649,https://shop.qoin.world/listing/epitome-au/,"39 Cornwall St, Hallam VIC, Australia"
sara hakimi,435766575,https://shop.qoin.world/listing/sara-hakimi/,"Narre Warren VIC, Australia"
Station Road Cafe,07 3172 6047,https://shop.qoin.world/listing/station-road-cafe/,"131/49 Station Road, Yeerongpilly QLD, Australia"
Swati’s Collection,451028716,https://shop.qoin.world/listing/swatis-collection/,"32 Bougainvillea Avenue, Forrestfield WA, Australia"
Miranda Farm Shop and Cafe,212657738,https://shop.qoin.world/listing/miranda-farm-shop-and-cafe/,"1107 Miranda Road, Pūkorokoro / Miranda, New Zealand"
Temel Constructions Pty Ltd,0434 624 441,https://shop.qoin.world/listing/temel-constructions-pty-ltd/,"U3/20 Potts Street, East Brisbane QLD, Australia"
Piccolo Licensed Cafe,73765759,https://shop.qoin.world/listing/piccolo-licensed-cafe/,"41 Ruapehu Street, Taupō, New Zealand"
The Lions Den International,0407 704 474,https://shop.qoin.world/listing/the-lions-den-international/,"384 Gordon Road, Koonorigan NSW, Australia"
Dani Heyward Art,425767625,https://shop.qoin.world/listing/dani-heyward-art/,"Macleod VIC, Australia"
Steve Jones Electrical,272460355,https://shop.qoin.world/listing/steve-jones-electrical/,"Taupō, New Zealand"
Jp Matich,467633352,https://shop.qoin.world/listing/jp-matich/,"56 Durack Way, Padbury WA 6025, Australia"
Peeking Ducks,225688623,https://shop.qoin.world/listing/peeking-ducks/,"4 Kereiti Street, Mount Maunganui, New Zealand"
Being Monki Pty Ltd,411850832,https://shop.qoin.world/listing/being-monki-pty-ltd/,"11 Merthyr Road, New Farm QLD, Australia"
Park Lane Jewellery with Kristina,0411 556 970,https://shop.qoin.world/listing/park-lane-jewellery-with-kristina/,"1 Malvern St, Bayswater VIC 3153, Australia"
Man & Ute Hire,434430169,https://shop.qoin.world/listing/man-ute-hire/,"Highland Park QLD, Australia"
Real Estate Agent In North West Melbourne,0402 607 595,https://shop.qoin.world/listing/real-estate-agent-in-north-west-melbourne/,"Caroline Springs VIC, Australia"
JJ's Lawncare and Outdoor Maintenance,61437384537,https://shop.qoin.world/listing/jjs-lawncare-and-outdoor-maintenance/,"Sunshine Coast QLD, Australia"
Mary Kay Cosmetics - by Kristina,0411 556 970,https://shop.qoin.world/listing/mary-kay-cosmetics-by-kristina/,"53 Malvern Street, Bayswater VIC, Australia"
Supreme Roofing Group,61433944303,https://shop.qoin.world/listing/supreme-roofing-group/,"Oakleigh VIC, Australia"
DHANVINDER SINGH,426123151,https://shop.qoin.world/listing/dhanvinder-singh/,"Truganina VIC, Australia"
Reactive Digital,61430370440,https://shop.qoin.world/listing/reactive-digital/,"Melbourne VIC, Australia"
Goat Sleep Co,404343436,https://shop.qoin.world/listing/goat-sleep-co/,"Gold Coast QLD, Australia"
Float Lab,893041150,https://shop.qoin.world/listing/float-lab/,"94 Delamere Avenue, Currambine WA, Australia"
Glenholme Laundromat,21877895,https://shop.qoin.world/listing/glenholme-laundromat/,"191 Ranolf Street, Glenholme, Rotorua, New Zealand"
JMD LOANS HUB PTY LTD,0430 189 067,https://shop.qoin.world/listing/jmd-loans-hub-pty-ltd/,"Derrimut VIC, Australia"
"Stars , Glitter Gifts and More",+61 456734144,https://shop.qoin.world/listing/stars-glitter-gifts-and-more/,"Southport QLD, Australia"
Mercer and Cooper,418769584,https://shop.qoin.world/listing/mercer-and-cooper/,"12 Grice Avenue, Paradise Point QLD, Australia"
A Nourishing Notion,273142970,https://shop.qoin.world/listing/a-nourishing-notion/,"Nelson, New Zealand"
Australian Loan Hut,0431 191 629,https://shop.qoin.world/listing/australian-loan-hut/,"Derrimut VIC, Australia"
Nikki South Photo and Video,21355543,https://shop.qoin.world/listing/nikki-south-photo-and-video/,"Ohauiti, New Zealand"
MaxiClean,455046605,https://shop.qoin.world/listing/maxiclean/,"1/1 Cleland Avenue, Unley SA, Australia"
Beaver Flooring Pty Ltd,0407 473 266,https://shop.qoin.world/listing/beaver-flooring-pty-ltd/,"5 Absolon Way, Hillarys WA, Australia"
Carbo Solar,61414834092,https://shop.qoin.world/listing/carbo-solar/,"Broadview SA, Australia"
Concept Data,452265792,https://shop.qoin.world/listing/concept-data/,"152 Springbank Road, Torrens Park SA, Australia"
Hydro Stream Plumbing,61423215685,https://shop.qoin.world/listing/hydro-stream-plumbing/,"Green Valley NSW, Australia"
Leaky Finders Pty Ltd,61451880118,https://shop.qoin.world/listing/leaky-finders-pty-ltd/,"Gold Coast QLD, Australia"
Gurume,(07) 3907 0878,https://shop.qoin.world/listing/gurume/,"17/696 New Cleveland Road, Gumdale QLD, Australia"
Fitz Tree Lopping,449834172,https://shop.qoin.world/listing/fitz-tree-lopping/,"29/11 Portia Street, Kingston QLD, Australia"
Addie’s Dog Walking,431213028,https://shop.qoin.world/listing/addies-dog-walking/,"Waterford QLD, Australia"
RoyalXpress plus Liqour,414962961,https://shop.qoin.world/listing/royalxpress-plus-liqour/,"690 Elizabeth Street, Melbourne VIC, Australia"
Maddy May - Model,448920109,https://shop.qoin.world/listing/maddy-may-model/,"Malakoff Street, Marrickville NSW, Australia"
Starone pty ltd,424625725,https://shop.qoin.world/listing/starone-pty-ltd/,"Jacana VIC, Australia"
Visual Action Coach,0274 710 414,https://shop.qoin.world/listing/visual-action-coach/,"1433 Hinemoa Street, Rotorua 3010, New Zealand"
Lalibido,410372497,https://shop.qoin.world/listing/lalibido/,"10 Kara Cres, Airlie Beach QLD 4802, Australia"
Essidy Massage Candles,410372497,https://shop.qoin.world/listing/essidy-massage-candles/,"Cannonvale QLD 4802, Australia"
BC Automotive,2102941877,https://shop.qoin.world/listing/bc-automotive/,"56 Killarney Road, Frankton, Hamilton, New Zealand"
"Lean, Green, House Cleaning",272568163,https://shop.qoin.world/listing/lean-green-house-cleaning/,"Taupō, New Zealand"
EmanFaye Early Learning and Care,424042120,https://shop.qoin.world/listing/emanfaye-early-learning-and-care/,"62 Sussex Road, Acacia Ridge QLD, Australia"
EmanFaye Designs & Co,424042120,https://shop.qoin.world/listing/emanfaye-designs-co/,"62 Sussex Road, Acacia Ridge QLD, Australia"
Rua Resort,21617003,https://shop.qoin.world/listing/rua-resort/,"170 Foster Road, Temple View, Hamilton, New Zealand"
Competitive Auto Electrical,61433071780,https://shop.qoin.world/listing/competitive-auto-electrical/,"Adelaide SA, Australia"
Home renovations perth,431268291,https://shop.qoin.world/listing/home-renovations-perth/,"Morley WA, Australia"
Jenny boutique,439822732,https://shop.qoin.world/listing/jenny-boutique/,"Merrimac QLD, Australia"
MBA Trading Academy,414293960,https://shop.qoin.world/listing/mba-trading-academy/,"Townsville QLD, Australia"
Merlai,61413268545,https://shop.qoin.world/listing/merlai/,"477 Boundary Street, Spring Hill QLD, Australia"
TwentyOne Eggs,424886775,https://shop.qoin.world/listing/twentyone-eggs/,"Clayton South VIC, Australia"
Bright Design,0407 301 828,https://shop.qoin.world/listing/bright-design/,"Pakenham VIC 3810, Australia"
Togarn pty Ltd,429677626,https://shop.qoin.world/listing/togarn-pty-ltd/,"16 Calder Nook, Lakelands WA, Australia"
IBUSINESS GROUP,1300 587 985,https://shop.qoin.world/listing/ibusiness-group/,"Diggers and Sports Club, 9 Beach Road, Surfers Paradise QLD 4217, Australia"
Sales Gun,0459 941 892,https://shop.qoin.world/listing/sales-gun/,"Surfers Paradise QLD, Australia"
W.G. Ceilings,61419860518,https://shop.qoin.world/listing/w-g-ceilings/,"Ottoway SA, Australia"
Peter Letham Disability Support,447615766,https://shop.qoin.world/listing/peter-letham-disability-support/,"Virginia St, North Wollongong NSW, Australia"
Empower fitness and martial arts,418612586,https://shop.qoin.world/listing/empower-fitness-and-martial-arts/,"40 Kingsway, Dee Why NSW, Australia"
Enhance Wellbeing,422089989,https://shop.qoin.world/listing/enhance-wellbeing/,"28 Bluegrass Drive, Narangba QLD, Australia"
Nitro Crew - Wheels & Tyres,733963770,https://shop.qoin.world/listing/nitro-crew-wheels-tyres/,"11 Thorne Street, Wynnum QLD, Australia"
All Metal Industries,92497633,https://shop.qoin.world/listing/all-metal-industries/,"211 Camboon Road, Malaga WA, Australia"
Nitro Crew - Wheels & Tyres,732193888,https://shop.qoin.world/listing/nitro-crew-wheels-tyres-2/,"2/51 Secam Street, Mansfield QLD, Australia"
JJM Finance Specialists,0414 547 188,https://shop.qoin.world/listing/jjm-finance-specialists/,"Sydney NSW, Australia"
Accelerate Finance Group,61411147472,https://shop.qoin.world/listing/accelerate-finance-group/,"Burbank QLD, Australia"
Al Rahman Biryani Restaurant,469806665,https://shop.qoin.world/listing/al-rahman-biryani-restaurant/,"169 Lonsdale Street, Dandenong VIC, Australia"
Trident Security Group,477796108,https://shop.qoin.world/listing/trident-security-group/,"Perth WA, Australia"
Hairloss Ink,0498 086748,https://shop.qoin.world/listing/hairloss-ink/,"300 Marine Parade, Labrador QLD, Australia"
Samjac Credit Investments Ltd.,6421747768,https://shop.qoin.world/listing/samjac-credit-investments-ltd/,"59 McDowell Street, Springfield, Rotorua, New Zealand"
Wildflower Gypsies,212563873,https://shop.qoin.world/listing/wildflower-gypsies/,"Waikino, New Zealand"
Love Thy Numbers,400703785,https://shop.qoin.world/listing/love-thy-numbers/,"Hope Island QLD, Australia"
Tui Studios,274804579,https://shop.qoin.world/listing/tui-studios/,"190 Cook Drive, Whitianga, New Zealand"
Holzworths SMSF Audit Services,411597679,https://shop.qoin.world/listing/holzworths-smsf-audit-services/,"5 Douglas Court, Capalaba QLD, Australia"
Mindset For Success,408666176,https://shop.qoin.world/listing/mindset-for-success-2/,"21 Wavell Avenue, Golden Beach QLD, Australia"
KDS Communication,433795950,https://shop.qoin.world/listing/kds-communication/,"276 Great Western Highway, Wentworthville NSW, Australia"
Uticolor Bendigo,413590206,https://shop.qoin.world/listing/uticolor-bendigo/,"54 Vine St, Bendigo VIC, Australia"
Koolzone Auto Air & Mechanical Pty,450542851,https://shop.qoin.world/listing/koolzone-auto-air-mechanical-pty/,"Koolzone Auto Air & Mechanical, 21 Beach Street"
CLEANING TOOLS,+64 7788 7000,https://shop.qoin.world/listing/cleaning-tools/,New Zealand
Westin Jewellers,0419 313 414,https://shop.qoin.world/listing/westin-jewellers/,"220 Collins St, Melbourne VIC 3000, Australia"
SPG Carpentry & Constructions NT,61405467798,https://shop.qoin.world/listing/spg-carpentry-constructions-nt/,"Casuarina NT 0810, Australia"
SOSOBAKED,61432043206,https://shop.qoin.world/listing/sosobaked/,"Campsie NSW, Australia"
ARUN KUMAR SACHDEVA,0401 865 550,https://shop.qoin.world/listing/arun-kumar-sachdeva/,"Brisbane QLD, Australia"
SURESH KUMAR DHINGRA,416968475,https://shop.qoin.world/listing/suresh-kumar-dhingra/,"12 Inga Avenue, Surfers Paradise QLD, Australia"
Stephen Sutrin Builder,428491493,https://shop.qoin.world/listing/stephen-sutrin-builder/,"383 Bayview Street, Hollywell QLD, Australia"
Taranaki Associated Cleaners Ltd,67598240,https://shop.qoin.world/listing/taranaki-associated-cleaners-ltd/,"29 Gilmour Street, Westown, New Plymouth, New Zealand"
The Threading Place Taupo,221822674,https://shop.qoin.world/listing/the-threading-place-taupo/,"26 Spa Road, Taupō, New Zealand"
Greenscapes Landscape & Garden Supplies,277569129,https://shop.qoin.world/listing/greenscapes-landscape-garden-supplies/,"3829 Cambridge Road, Leamington, Cambridge, New Zealand"
The One Stop Lawn Shop,61416167324,https://shop.qoin.world/listing/the-one-stop-lawn-shop/,"Melbourne Victoria, Australia"
Realtyworks,437955383,https://shop.qoin.world/listing/realtyworks/,"89-91 Surf Parade, Broadbeach QLD, Australia"
Muscle Harmony,0401 327 507,https://shop.qoin.world/listing/muscle-harmony/,"16 Eldale Court, Wantirna VIC, Australia"
Advance Building Services,61413515187,https://shop.qoin.world/listing/advance-building-services/,"Central Coast, NSW, Australia"
Garry’s Flooring Services,0414 319 663,https://shop.qoin.world/listing/garrys-flooring-services/,"Salisbury Rd, Swan View WA, Australia"
Core Fitness,422435316,https://shop.qoin.world/listing/core-fitness/,"10 Abbeydale Court, Berwick VIC, Australia"
First Class Accounts - Balgownie,420838013,https://shop.qoin.world/listing/first-class-accounts-balgownie/,"Balgownie NSW, Australia"
Claassen mechanical,61451962081,https://shop.qoin.world/listing/claassen-mechanical/,"Kwinana WA, Australia"
ALK Wellness by Design,+61 0407333527,https://shop.qoin.world/listing/alk-wellness-by-design/,"Mount Martha VIC, Australia"
Debs Art for Children,402204462,https://shop.qoin.world/listing/debs-art-for-children/,"1/26 Carrabeen Street, Evans Head NSW, Australia"
EBANSHI,408744533,https://shop.qoin.world/listing/ebanshi/,"Templestowe Lower VIC, Australia"
Cullen Consulting,message me,https://shop.qoin.world/listing/cullen-consulting/,"13 Koroit Place, Taylors Lakes VIC, Australia"
Sydney's Maintenance Plumber Pty Ltd,61421010176,https://shop.qoin.world/listing/sydneys-maintenance-plumber-pty-ltd/,"Seven Hills NSW, Australia"
Mamaebbylife,413925293,https://shop.qoin.world/listing/mamaebbylife/,"2A Eland Place, Marangaroo WA, Australia"
Success concepts,61280056886,https://shop.qoin.world/listing/success-concepts/,New Zealand
Guardian Safety Pendants,08 6336 9448,https://shop.qoin.world/listing/guardian-safety-pendants-2/,"6/26 Dugdale Street, Warwick WA, Australia"
Bird Photographs - museum grade quality prints,417066226,https://shop.qoin.world/listing/bird-photographs-museum-grade-quality-prints/,"Hornsby NSW, Australia"
Accessorize You,451123343,https://shop.qoin.world/listing/accessorize-you/,"Sans Souci NSW, Australia"
Neuro Change,0413 003 462,https://shop.qoin.world/listing/neuro-change/,"480 Collins Street, Melbourne VIC, Australia"
Ramona Lever - Soul Guide,425620456,https://shop.qoin.world/listing/ramona-lever-soul-guide/,"Melbourne VIC, Australia"
MJ HOME SERVICES,0450 568 206,https://shop.qoin.world/listing/mj-home-services-2/,"161 Cleeland Street, Dandenong VIC, Australia"
Taxi Service In Berwick Area,0406 403 776,https://shop.qoin.world/listing/taxi-service-in-berwick-area/,"Berwick VIC, Australia"
Executive Limousines,0425 003 306,https://shop.qoin.world/listing/executive-limousines/,"North Melbourne VIC, Australia"
Moreton Bay Restoration Initiative,498038818,https://shop.qoin.world/listing/moreton-bay-restoration-initiative/,"81 Flinders Parade, Scarborough QLD 4020, Australia"
RK sales,470432334,https://shop.qoin.world/listing/rk-sales/,"41 Gotha Street, Fortitude Valley QLD, Australia"
One Stop Computer Services,0423 550 733,https://shop.qoin.world/listing/one-stop-computer-services-2/,"Tiger Drive, Arundel QLD, Australia"
LPR home maintenance,469606212,https://shop.qoin.world/listing/lpr-home-maintenance/,"Glen Waverley VIC, Australia"
AAA Flags & Flagpoles,0400 552 663,https://shop.qoin.world/listing/aaa-flags-flagpoles/,"3/413 Dorset Rd, Bayswater VIC, Australia"
Ivy Nina Aldridge,426428035,https://shop.qoin.world/listing/ivy-nina-aldridge/,"Sydney NSW, Australia"
Angelina Shalygina - Influencer and Marketing,432855912,https://shop.qoin.world/listing/angelina-shalygina-influencer-and-marketing/,"Durham Close, Macquarie Park NSW, Australia"
Balvinder Singh,0430-381-917,https://shop.qoin.world/listing/balvinder-singh/,"Melbourne VIC, Australia"
Pro Sales,478702618,https://shop.qoin.world/listing/pro-sales/,"Byron Bay NSW, Australia"
Drafting Jing,423243860,https://shop.qoin.world/listing/drafting-jing/,"Byron Bay NSW, Australia"
GR Lawnmoving & Gardening,427824677,https://shop.qoin.world/listing/gr-lawnmoving-gardening/,"147/49 South Western Highway, Waterloo WA, Australia"
Wyrd and Weft,491101554,https://shop.qoin.world/listing/wyrd-and-weft-2/,"Witta QLD, Australia"
Exterior Wash,274322412,https://shop.qoin.world/listing/exterior-wash/,"Waikato, New Zealand"
Brownie's Plumbing Services,61413502119,https://shop.qoin.world/listing/brownies-plumbing-services/,"Sydney NSW, Australia"
Holistic Allure,412884350,https://shop.qoin.world/listing/holistic-allure/,"10 Beausang Place, Ormeau QLD, Australia"
Whakaari Cultural Performance and Exhibition,2108352521,https://shop.qoin.world/listing/whakaari-cultural-performance-and-exhibition/,"33 Tania Crescent, Western Heights, Rotorua, New Zealand"
JDT Glazing,61410512303,https://shop.qoin.world/listing/jdt-glazing/,"Malvern East VIC, Australia"
Adelaide Fire Solutions,61403367568,https://shop.qoin.world/listing/adelaide-fire-solutions/,"Adelaide SA, Australia"
313 GLASS AND ALUMINIUM PTY LTD,61424802680,https://shop.qoin.world/listing/313-glass-and-aluminium-pty-ltd/,"10 Railway Rd, Epping VIC, Australia"
Oikotec Home Automation,61414466710,https://shop.qoin.world/listing/oikotec-home-automation/,"670 Swanston St, Carlton VIC 3053, Australia"
AOB Advisory,425866960,https://shop.qoin.world/listing/aob-advisory/,"Whiteheads Creek VIC 3660, Australia"
Blue Lake Auto Glass and Tinting,61417847747,https://shop.qoin.world/listing/blue-lake-auto-glass-and-tinting/,"Mount Gambier SA, Australia"
Cheeky Bits Boutique,61400343202,https://shop.qoin.world/listing/cheeky-bits-boutique/,"Bright VIC, Australia"
Cheeky Bits Boutique,61400343202,https://shop.qoin.world/listing/cheeky-bits-boutique-2/,"87 Gavan Street, Bright VIC 3741, Australia"
Perth VIP Transfers,402030314,https://shop.qoin.world/listing/perth-vip-transfers/,"60A Mercury St, Carlisle WA 6101, Australia"
OZLoans- Tax Agent - CPA,409076419,https://shop.qoin.world/listing/ozloans-tax-agent-cpa/,"Mona Vale NSW, Australia"
Glamping Sydney,61406546211,https://shop.qoin.world/listing/glamping-sydney/,"Sydney NSW, Australia"
Reef Pools,61432150013,https://shop.qoin.world/listing/reef-pools/,"Brisbane QLD, Australia"
Muhaimin - Small Item Private Courier,480241608,https://shop.qoin.world/listing/muhaimin-small-item-private-courier/,"Lakemba Street, Lakemba NSW, Australia"
Your Tech Crew,735170930,https://shop.qoin.world/listing/your-tech-crew/,"Highfields QLD 4352, Australia"
Holzworth SMSF Audit Services,411597679,https://shop.qoin.world/listing/holzworth-smsf-audit-services/,"5 Douglas Court, Capalaba QLD, Australia"
Aura Cafe,421222099,https://shop.qoin.world/listing/aura-cafe/,"200 High Street, Templestowe Lower VIC, Australia"
GNG Electrical Pty Ltd,61418764422,https://shop.qoin.world/listing/gng-electrical-pty-ltd/,"Tweed Heads NSW, Australia"
All Done & Dusted Cleaning,0456 148 991,https://shop.qoin.world/listing/all-done-dusted-cleaning/,"Hunter Street, Mount Austin Wagga Wagga, NSW, Australia"
See Dirt Run,61412550414,https://shop.qoin.world/listing/see-dirt-run/,"Ringwood VIC, Australia"
Delineate Designs,424960763,https://shop.qoin.world/listing/delineate-designs/,"Gold Coast QLD, Australia"
Animate to Educate,0411 272 134,https://shop.qoin.world/listing/animate-to-educate-2/,"Toorak VIC, Australia"
The Unknown Design,276896458,https://shop.qoin.world/listing/the-unknown-design/,"144 Sandwich Road, Saint Andrews, Hamilton, New Zealand"
Whanga Bar,78656400,https://shop.qoin.world/listing/whanga-bar/,"101 Winifred Avenue, Whangamatā, New Zealand"
Rainbow Loans,0433 344 077,https://shop.qoin.world/listing/rainbow-loans/,"Craigieburn VIC, Australia"
NM Builder,220483288,https://shop.qoin.world/listing/nm-builder/,"Tauranga 3110, New Zealand"
CRE8withJAZ,299778881,https://shop.qoin.world/listing/cre8withjaz/,"21 Sydney Road, Manly NSW, Australia"
CL Pools,61404845406,https://shop.qoin.world/listing/cl-pools/,"Brisbane QLD, Australia"
The Guy,0484 116531,https://shop.qoin.world/listing/the-guy/,"43 Declan Way, Echuca VIC, Australia"
Wraps By Nick Hart,468837952,https://shop.qoin.world/listing/wraps-by-nick-hart/,"7 Kay St, South Murwillumbah NSW, Australia"
Alina Gheghenozian - Model,435227108,https://shop.qoin.world/listing/alina-gheghenozian-model/,"Caringbah NSW, Australia"
Jackson5Vinyls,611432000000,https://shop.qoin.world/listing/jackson5vinyls/,"50 Cairns Rd, Camira QLD 4300, Australia"
Pawriffic Paws,417282391,https://shop.qoin.world/listing/pawriffic-paws/,"Pacific Pines QLD, Australia"
Non-Slip Floors,0417 684 212,https://shop.qoin.world/listing/non-slip-floors/,"St Leonards NSW 2065, Australia"
Allen Air and Refrigeration,0419 941 940,https://shop.qoin.world/listing/allen-air-and-refrigeration/,"8/14 Helmshore Way, Port Kennedy WA, Australia"
Wholesale Veggie Supplies,432703387,https://shop.qoin.world/listing/wholesale-veggie-supplies/,"6 Roseann Street, Kallangur QLD, Australia"
KING PIN Wraps,61478079658,https://shop.qoin.world/listing/king-pin-wraps/,"Wollongong NSW, Australia"
The Kutamani Foundation,0481 978 286,https://shop.qoin.world/listing/the-kutamani-foundation/,"Burleigh Heads QLD 4220, Australia"
Grand millennium massage,396000046,https://shop.qoin.world/listing/grand-millennium-massage/,"101 Merchant Street, Docklands VIC, Australia"
Norton Judd,401244825,https://shop.qoin.world/listing/norton-judd/,"2/3 Woomba Place, Mooloolaba QLD, Australia"
Cloudrent,6131712948,https://shop.qoin.world/listing/cloudrent/,"Burleigh Heads QLD, Australia"
Kempe Therapies,455107785,https://shop.qoin.world/listing/kempe-therapies/,"136 Plantain Road, Shailer Park QLD, Australia"
Intuitive Health & Wellness,420373746,https://shop.qoin.world/listing/intuitive-health-wellness/,"Sunshine Coast QLD, Australia"
ROCCA’S wood fired pizzeria and pasta bar,403609490,https://shop.qoin.world/listing/roccas-wood-fired-pizzeria-and-pasta-bar/,"55-65 Railway Road, Blackburn VIC, Australia"
Withers Concrete & Labouring,480290154,https://shop.qoin.world/listing/withers-concrete-labouring/,"Broadbeach QLD, Australia"
Website Trove,385661196,https://shop.qoin.world/listing/website-trove/,"Level 8 805/220 Collins St, Melbourne VIC 3000, Australia"
D&H Garden,452588791,https://shop.qoin.world/listing/dh-garden/,"Springvale VIC, Australia"
TYZE Entertainment,274718634,https://shop.qoin.world/listing/tyze-entertainment/,"Rotorua, New Zealand"
RGR Concrete 1,423786599,https://shop.qoin.world/listing/rgr-concrete-1/,"67 Beaumont Drive, Pimpama QLD, Australia"
It's Coffee Time,0472 523 447,https://shop.qoin.world/listing/its-coffee-time/,"Brisbane QLD, Australia"
Kixplore Media,425871663,https://shop.qoin.world/listing/kixplore-media/,"12 Ferguson Drive, Tarneit VIC 3029, Australia"
Retlen the Caravan Man,0404 02 1116,https://shop.qoin.world/listing/retlen-the-caravan-man/,"Broadford VIC 3658, Australia"
FIRST RATE Removals,0411 355 289,https://shop.qoin.world/listing/first-rate-removals/,"Lawrence St, Freshwater NSW 2096, Australia"
106 On Whittaker Apartment 2,78849417,https://shop.qoin.world/listing/106-on-whittaker-apartment-2/,"106 Whitaker Street, Te Aroha, New Zealand"
106 On Whittaker Apartment 1,78849417,https://shop.qoin.world/listing/106-on-whittaker-apartment-1/,"106 Whitaker Street, Te Aroha, New Zealand"
Crapula,407800400,https://shop.qoin.world/listing/crapula/,"Main Beach QLD, Australia"
XSIT Web Design Sydney,410669746,https://shop.qoin.world/listing/xsit-web-design-sydney/,"19-21 Central Road, Miranda NSW 2228, Australia"
MOSMAN FLOOR SANDING,0438 242 663,https://shop.qoin.world/listing/mosman-floor-sanding/,"Vaucluse NSW, Australia"
B&M Tech Auto,466065588,https://shop.qoin.world/listing/bm-tech-auto/,"Adelaide SA 5000, Australia"
Body Perceptions Physiotherapy,738394323,https://shop.qoin.world/listing/body-perceptions-physiotherapy/,"912 Stanley Street East, East Brisbane QLD, Australia"
Rosie's Plate,6421608154,https://shop.qoin.world/listing/rosies-plate/,"21 Buckingham Street, Arrowtown, New Zealand"
The One Stop Lawn Shop,61416167324,https://shop.qoin.world/listing/the-one-stop-lawn-shop-2/,"Geelong VIC, Australia"
The One Stop Lawn Shop,61416167324,https://shop.qoin.world/listing/the-one-stop-lawn-shop-3/,"Ballarat VIC, Australia"
Addictions Gift Shop,2102943464,https://shop.qoin.world/listing/addictions-gift-shop/,"195 Whitaker Street, Te Aroha, New Zealand"
The One Stop Lawn Shop,61416167324,https://shop.qoin.world/listing/the-one-stop-lawn-shop-4/,"Warrnambool VIC, Australia"
Leading Building & Pest Inspection,0402651 233,https://shop.qoin.world/listing/leading-building-pest-inspection/,"Blair Athol NSW 2560, Australia"
Speedy Signs New Plymouth,67582432,https://shop.qoin.world/listing/speedy-signs-new-plymouth/,"93 Gill Street, New Plymouth, New Zealand"
Migration Consultants Australia Pty Ltd,0408 272 636,https://shop.qoin.world/listing/migration-consultants-australia-pty-ltd/,"191 Balaclava Road, Caulfield North VIC, Australia"
San beauty,414754849,https://shop.qoin.world/listing/san-beauty/,"22 Hovia Terrace, South Perth WA, Australia"
Propeller Graphic Design and Marketing,61402488550,https://shop.qoin.world/listing/propeller-graphic-design-and-marketing/,"Strathdickie QLD 4800, Australia"
ASIAN AUTO CARE,422171390,https://shop.qoin.world/listing/asian-auto-care/,"2/42 Randall Street, Slacks Creek QLD, Australia"
RRR Auto Parts,61423600493,https://shop.qoin.world/listing/rrr-auto-parts/,"188 Toongabbie Road, Girraween NSW, Australia"
Freakki Media,414882455,https://shop.qoin.world/listing/freakki-media/,"50 Cavill Avenue, Surfers Paradise QLD, Australia"
Matrix Business Consulting,273748166,https://shop.qoin.world/listing/matrix-business-consulting/,"10A Haukore Street, Hairini, Tauranga, New Zealand"
Copierworld NZ Ltd,78340998,https://shop.qoin.world/listing/copierworld-nz-ltd/,"401 Anglesea Street, Hamilton Central, Hamilton, New Zealand"
Sweet Peanuts,459329977,https://shop.qoin.world/listing/sweet-peanuts-2/,"73 Wildwood Circuit, Mango Hill QLD, Australia"
99 Moxa Massage,0422 918 600,https://shop.qoin.world/listing/99-moxa-massage/,"14 Manchester Road, Carrara QLD, Australia"
Costa's Creative Media,414994698,https://shop.qoin.world/listing/costas-creative-media/,"529 Waterdale Road, Heidelberg West VIC, Australia"
Grandma's Temptations,Serena,https://shop.qoin.world/listing/grandmas-temptations/,"46 Herbert Street, Allora QLD, Australia"
Aerolinq - Linq Solutions,+61 418 142 785,https://shop.qoin.world/listing/aerolinq-linq-solutions/,"Werribee VIC, Australia"
JML Plumbing,61433772883,https://shop.qoin.world/listing/jml-plumbing/,"Brisbane QLD, Australia"
Laser Skirmish Gold Coast,451141413,https://shop.qoin.world/listing/laser-skirmish-gold-coast/,"42 St Andrews Ave, Surfers Paradise QLD, Australia"
Dazzas Web & Graphic Design,61404511974,https://shop.qoin.world/listing/dazzas-web-graphic-design/,"Brisbane QLD, Australia"
Studio M Building Design,61401048832,https://shop.qoin.world/listing/studio-m-building-design/,"Adelaide SA, Australia"
Tessa Jetson,0415 244 927,https://shop.qoin.world/listing/tessa-jetson/,"Bundoora VIC, Australia"
ELECTRO SAMEN PTY LTD,61451514170,https://shop.qoin.world/listing/electro-samen-pty-ltd/,"212-216 Mona Vale Road, Saint Ives NSW, Australia"
Simply Stopped Limited,275053787,https://shop.qoin.world/listing/simply-stopped-limited/,"Rotorua, New Zealand"
Simply Stopped Limited,275053787,https://shop.qoin.world/listing/simply-stopped-limited-2/,"Taupō, New Zealand"
Eco Green Asset Clean,409625736,https://shop.qoin.world/listing/eco-green-asset-clean/,"17 Bernice Avenue, Underwood QLD, Australia"
The Answer is Yes,0423 596 393,https://shop.qoin.world/listing/the-answer-is-yes-2/,"Collinsville QLD, Australia"
Jet Flight Simulator Perth,434294866,https://shop.qoin.world/listing/jet-flight-simulator-perth-2/,"8-148 Barrington St, Bibra Lake, WA 6163, Australia"
MBE Joondalup,861022886,https://shop.qoin.world/listing/mbe-joondalup/,"5/115 Grand Boulevard, Joondalup WA, Australia"
Valerie Claydon,408682011,https://shop.qoin.world/listing/valerie-claydon/,"Miles QLD, Australia"
Super Saver Auto Trader,0401 441 176,https://shop.qoin.world/listing/super-saver-auto-trader/,"13 Herbert Street, Slacks Creek QLD, Australia"
Lime tree cottage roma,07 46227154,https://shop.qoin.world/listing/lime-tree-cottage-roma-2/,"4/104 McDowall Street, Roma QLD, Australia"
JC Car Detailing Roma,0411 777 632,https://shop.qoin.world/listing/jc-car-detailing-roma/,"92a Bowen Street, Roma QLD, Australia"
MYVISAONLINE PTY LTD,0404 049 0111,https://shop.qoin.world/listing/myvisaonline-pty-ltd/,"393 Spencer Street, West Melbourne VIC 3003, Australia"
Salvation Hope Shop,470238346,https://shop.qoin.world/listing/salvation-hope-shop/,"28 Randall Street, Slacks Creek QLD, Australia"
More Marketing Ideas,403865677,https://shop.qoin.world/listing/more-marketing-ideas/,"Frankston - Flinders Road Service Road, Frankston VIC, Australia"
Not Another Travel Podcast,466539474,https://shop.qoin.world/listing/not-another-travel-podcast/,"Sydney NSW, Australia"
Envy Event Group,416812993,https://shop.qoin.world/listing/envy-event-group/,"7 Atoll Court, Mullaloo WA, Australia"
Lateral Concepts,220124795,https://shop.qoin.world/listing/lateral-concepts/,"26B Dekker Road, Omanawa, New Zealand"
Aether Brewing,38156455,https://shop.qoin.world/listing/aether-brewing/,"340 Melton Road, Northgate QLD, Australia"
OLZ Electrical,478933284,https://shop.qoin.world/listing/olz-electrical/,"Gold Coast QLD, Australia"
MHR Cleaning Services,0477 517 443,https://shop.qoin.world/listing/mhr-cleaning-services/,"Roma QLD, Australia"
Purify Air Con Cleaning Gold Coast,411812580,https://shop.qoin.world/listing/purify-air-con-cleaning-gold-coast/,"Gold Coast QLD, Australia"
Hobart Handyman,61418546446,https://shop.qoin.world/listing/hobart-handyman/,"Hobart TAS, Australia"
Coastline Roofing & Plumbing,61417383525,https://shop.qoin.world/listing/coastline-roofing-plumbing/,"Fingal VIC, Australia"
Top Lashes QLD,487126598,https://shop.qoin.world/listing/top-lashes-qld/,"Benowa QLD, Australia"
Grace and Marg's Family Day,457324942,https://shop.qoin.world/listing/grace-and-margs-family-day/,"3 Cashew Court, Upper Coomera QLD, Australia"
Dry bright carpet upholstery and leather cleaning specialists,403295204,https://shop.qoin.world/listing/dry-bright-carpet-upholstery-and-leather-cleaning-specialists/,"425 Yatala Vale Rd, Surrey Downs SA 5126, Australia"
Shade Wise,61416040309,https://shop.qoin.world/listing/shade-wise/,"Brunel Rd, Seaford VIC 3198, Australia"
Carpentry & General,61402725400,https://shop.qoin.world/listing/carpentry-general/,"Brisbane QLD, Australia"
Aroma Health Studio,0433 142 739,https://shop.qoin.world/listing/aroma-health-studio/,"7 Clunies Ross Court, Eight Mile Plains QLD, Australia"
Ontime Publications,0400 473 200,https://shop.qoin.world/listing/ontime-publications/,"Woonona NSW, Australia"
GM Copywriting Services,474226944,https://shop.qoin.world/listing/gm-copywriting-services/,"Hindmarsh Avenue, North Wollongong NSW, Australia"
MacMor Hangi,72209859,https://shop.qoin.world/listing/macmor-hangi/,"975 Cameron Road, Gate Pa, Tauranga, New Zealand"
Summer Signs,+61 416 293 970,https://shop.qoin.world/listing/summer-signs/,"Manly Vale NSW, Australia"
Taylor'd Plumbing Works,61416245016,https://shop.qoin.world/listing/taylord-plumbing-works/,"Petrie QLD, Australia"
RAMYA HEALTHCARE PTY LTD,0427 341 187,https://shop.qoin.world/listing/ramya-healthcare-pty-ltd/,"Werribee VIC, Australia"
PRD Print,61432162932,https://shop.qoin.world/listing/prd-print/,"Central Coast, NSW, Australia"
Jenny Williams Empowerment Coaching,455660369,https://shop.qoin.world/listing/jenny-williams-empowerment-coaching/,"Melbourne VIC, Australia"
Purify Air Con Cleaning Springfield Lakes,435306503,https://shop.qoin.world/listing/purify-air-con-cleaning-springfield-lakes/,"Springfield Lakes QLD, Australia"
ECOSOLARPOWER,1800 314 722,https://shop.qoin.world/listing/ecosolarpower/,"Suite 126, 42 Manilla Street, East Brisbane QLD, Australia"
Bret Baker,417964537,https://shop.qoin.world/listing/bret-baker/,"23 Vintners Drive, Quindalup WA, Australia"
Direct Bargain Warehouse,419944628,https://shop.qoin.world/listing/direct-bargain-warehouse/,"45 Miguel Road, Bibra Lake WA, Australia"
The Print Shop,1300 577 468,https://shop.qoin.world/listing/the-print-shop/,"16B Plaza Street, South Bunbury WA, Australia"
Fire & Reign Ministries,403438415,https://shop.qoin.world/listing/fire-reign-ministries/,"Melbourne VIC, Australia"
Café Ninety Nine,272204352,https://shop.qoin.world/listing/cafe-ninety-nine/,"99 Tongariro Street, Taupō, New Zealand"
RedLaze,431251983,https://shop.qoin.world/listing/redlaze/,"Carrara Markets, Gooding Drive &, Manchester Rd, Carrara QLD 4211, Australia"
K1 SAVE ENERGY PTY LTD,0412 210 093,https://shop.qoin.world/listing/k1-save-energy-pty-ltd/,"Werribee VIC, Australia"
Aloha Kai,410900576,https://shop.qoin.world/listing/aloha-kai/,"39 Ari Street, Marsden QLD, Australia"
SCHOLARSAU PTY LTD,0402 375 805,https://shop.qoin.world/listing/scholarsau-pty-ltd/,"Brisbane QLD, Australia"
UPriority Lending,04333 74704,https://shop.qoin.world/listing/upriority-lending/,"Pakenham VIC, Australia"
Light Planning Photography,466581089,https://shop.qoin.world/listing/light-planning-photography-4/,"143 Singer St, Wynnum QLD 4178, Australia"
Kovess International,412317404,https://shop.qoin.world/listing/kovess-international/,"Huntingdale VIC, Australia"
Dazzle Solutions,433255766,https://shop.qoin.world/listing/dazzle-solutions/,"Mount Roberts St, Park Ridge QLD 4125, Australia"
Katesh landscapes,416153890,https://shop.qoin.world/listing/katesh-landscapes/,"Buckland Road, Everton Hills QLD, Australia"
Mr Entertainment,415412804,https://shop.qoin.world/listing/mr-entertainment/,"Mount Cotton QLD, Australia"
Clever Learners,0404 01 8327,https://shop.qoin.world/listing/clever-learners/,"Carlingford NSW 2118, Australia"
Elixiya,61412412387,https://shop.qoin.world/listing/elixiya-3/,3 Tracey st
Affordable Auto Services,2102350072,https://shop.qoin.world/listing/affordable-auto-services/,"17 Lincoln Street, Frankton, Hamilton, New Zealand"
Addictions Gift Shop Paeroa,2102943464,https://shop.qoin.world/listing/addictions-gift-shop-2/,"92 Normanby Road, Paeroa, New Zealand"
Resumes for Results,0448 779 245,https://shop.qoin.world/listing/resumes-for-results/,"Buderim QLD 4556, Australia"
Addictions Gift Shop Morrinsville,2102943464,https://shop.qoin.world/listing/addictions-gift-shop-3/,"197 Thames Street, Morrinsville, New Zealand"
Surfers thai massage,431733497,https://shop.qoin.world/listing/surfers-thai-massage/,"3131 Surfers Paradise Boulevard, Surfers Paradise QLD, Australia"
Lions Club Of Morayfield and District Inc,403753758,https://shop.qoin.world/listing/lions-club-of-morayfield-and-district-inc/,PO Box 946 Caboolture Qld 4510
Dj mick ellen,411351413,https://shop.qoin.world/listing/dj-mick-ellen/,"Gold Coast QLD, Australia"
Kinkins cleaning service,401436133,https://shop.qoin.world/listing/kinkins-cleaning-service/,"76A Drabble Road, Scarborough WA, Australia"
Goddess Sorority,421191822,https://shop.qoin.world/listing/goddess-sorority/,"122 Macquarie Avenue, Molendinar QLD, Australia"
Royal Car Solutions,273998850,https://shop.qoin.world/listing/royal-car-solutions/,"Rotorua, New Zealand"
Royal All Cleaning Service,273998850,https://shop.qoin.world/listing/royal-all-cleaning-service/,"Rotorua, New Zealand"
Cardi Gras,416257586,https://shop.qoin.world/listing/cardi-gras/,"42 Hibiscus Avenue, Redcliffe QLD, Australia"
JN Jewellery with Kylie foggie,426886207,https://shop.qoin.world/listing/jn-jewellery-with-kylie-foggie/,"90 Highview Crescent, Macleod VIC, Australia"
Hue. Interior Spaces,0466 888 098,https://shop.qoin.world/listing/hue-interior-spaces/,"Scarborough WA, Australia"
Mane On Mowbray,0405 104 746,https://shop.qoin.world/listing/mane-on-mowbray/,"31 Mowbray Terrace, East Brisbane QLD, Australia"
Brumby's Bakery,434934657,https://shop.qoin.world/listing/brumbys-bakery-2/,"36 Were Street, Montmorency VIC, Australia"
Power 4 All,98422070,https://shop.qoin.world/listing/power-4-all/,"17 Merrifield Street, Milpara WA, Australia"
Raptor Residential & Commercial Cleaning Pty Ltd,477381986,https://shop.qoin.world/listing/raptor-residential-commercial-cleaning-pty-ltd/,"Lockyer Valley, QLD, Australia"
Karaoke in Canberra,411383936,https://shop.qoin.world/listing/karaoke-in-canberra/,"25 Mullan Street, Fadden Australian Capital Territory, Australia"
Woodfired Australia,432397210,https://shop.qoin.world/listing/woodfired-australia-2/,"442 Steve Irwin Way, Beerburrum QLD, Australia"
Allfresco,432397210,https://shop.qoin.world/listing/allfresco-2/,"442 Steve Irwin Way, Beerburrum QLD, Australia"
Tip Top Car Care,400558670,https://shop.qoin.world/listing/tip-top-car-care/,"1b/9 Newspaper Place, Maroochydore QLD, Australia"
Harlequin blinds & Security,427448876,https://shop.qoin.world/listing/harlequin-blinds-security/,"5/46 Enterprise Street, Kunda Park QLD, Australia"
Restaurant consultant,0413 682 855,https://shop.qoin.world/listing/restaurant-consultant/,"8 Marmion Place, Docklands VIC, Australia"
Josh Taylor,405339888,https://shop.qoin.world/listing/josh-taylor-2/,"11 Dunk Place, Little Mountain QLD, Australia"
Socks Media,417612312,https://shop.qoin.world/listing/socks-media-2/,"Springfield Lakes QLD, Australia"
Quay Ring Realty,422700980,https://shop.qoin.world/listing/quay-ring-realty/,"2/3 Woomba Place, Mooloolaba QLD, Australia"
Personalised By Lory,2041578710,https://shop.qoin.world/listing/personalised-by-lory/,"Napier, New Zealand"
Spiral with Jessica Lea,478944108,https://shop.qoin.world/listing/spiral-with-jessica-lea/,"Maleny QLD, Australia"
CIGNALL Slacks Creek,732092522,https://shop.qoin.world/listing/cignall-slacks-creek/,"Shop 4/214 Kingston Road, Slacks Creek QLD, Australia"
789designs,452465961,https://shop.qoin.world/listing/789designs/,"24 Ron Penhaligon Way, Robina QLD, Australia"
GR8 M8,224100200,https://shop.qoin.world/listing/gr8-m8/,"Hāwera, New Zealand"
Sunshine Hair Studio.,07 55964247,https://shop.qoin.world/listing/sunshine-hair-studio/,"31-33 Price Street, Nerang QLD, Australia"
WoWo Washing,437601127,https://shop.qoin.world/listing/wowo-washing/,"Adelaide SA, Australia"
Exodus Performance and Health,423414967,https://shop.qoin.world/listing/exodus-performance-and-health/,"8A Charles Riley Road, North Beach WA, Australia"
Pool and Spa Equipment Sales,0417 812 160,https://shop.qoin.world/listing/pool-and-spa-equipment-sales/,"1/241 Rundle Street, Adelaide SA, Australia"
Pearl Cleaners Ltd,212599053,https://shop.qoin.world/listing/cleaning-2/,"Hamilton, New Zealand"
Weber Plumbing,61423682816,https://shop.qoin.world/listing/weber-plumbing/,"Canberra ACT, Australia"
PTV Channel 0.com,431390920,https://shop.qoin.world/listing/ptv-channel-0-com-2/,"2/2 Whitley Court, Glenvale QLD, Australia"
Georgiou Financial Solutions,08 8346 8444,https://shop.qoin.world/listing/georgiou-financial-solutions/,"166-168 Grange Road, Flinders Park SA, Australia"
Monumental Building Group,6123331001,https://shop.qoin.world/listing/monumental-building-group/,"Narellan NSW 2567, Australia"
Gladstone Tutors - Proud affiliate of Tutor Group (TG),0420 976 218,https://shop.qoin.world/listing/gladstone-tutors-proud-affiliate-of-tutor-group-tg/,"Gladstone QLD, Australia"
Bundaberg Tutors - Proud affiliate of Tutor Group (TG),0420 976 052,https://shop.qoin.world/listing/bundaberg-tutors-proud-affiliate-of-tutor-group-tg/,"Bundaberg QLD, Australia"
Core Electrical NSW,61437013490,https://shop.qoin.world/listing/core-electrical-nsw/,"Central Coast, NSW, Australia"
Penny Black Victorian Tearoom,33813445,https://shop.qoin.world/listing/penny-black-victorian-tearoom/,"37/3 Garlands Road, Woolston, Christchurch, New Zealand"
Car Hire Bookings,429429463,https://shop.qoin.world/listing/car-hire-bookings/,"20 Martin Place, Sydney NSW 2000, Australia"
I AM FREE AND WELL,449949644,https://shop.qoin.world/listing/i-am-free-and-well/,"Perth WA, Australia"
Southside Tilers,61438551931,https://shop.qoin.world/listing/southside-tilers/,"Canberra ACT, Australia"
Shah's Kitchen,61426093587,https://shop.qoin.world/listing/shahs-kitchen/,"45 John St, Salisbury SA, Australia"
Mas Tax Accountants Bunbury,61430661216,https://shop.qoin.world/listing/mas-tax-accountants-bunbury/,"Robertson Drive, East Bunbury WA, Australia"
Search Domination,0416 252 129,https://shop.qoin.world/listing/search-domination/,"Caloundra QLD, Australia"
BRISBANE ELECTRICAL CONTRACTING COMPANY PTY LTD,61433370782,https://shop.qoin.world/listing/brisbane-electrical-contracting-company-pty-ltd/,"Brisbane QLD, Australia"
Oz Fishing Shirts,61405153187,https://shop.qoin.world/listing/oz-fishing-shirts/,"Kenmore QLD 4069, Australia"
Quality Tiling Adelaide,61426093587,https://shop.qoin.world/listing/quality-tiling-adelaide/,"Adelaide SA, Australia"
Manjit Singh,0451-398-494,https://shop.qoin.world/listing/manjit-singh/,"1 Stannifer Street, Tarneit Victoria 3029, Australia"
Flow Factory,0413 158 146,https://shop.qoin.world/listing/flow-factory/,"Maida Vale WA, Australia"
Melbourne Hemp,0407 315 626,https://shop.qoin.world/listing/melbourne-hemp/,"Stall 215, 322 Coventry St, South Melbourne VIC 3205, Australia"
The Leather Shed,21860500,https://shop.qoin.world/listing/the-leather-shed/,"2 Guildford Place, Bethlehem, Tauranga, New Zealand"
Drive Real Detailing,425454750,https://shop.qoin.world/listing/drive-real-detailing/,"Popes Road, Woonona NSW, Australia"
"SHARMA, SAMEER",0474 081 454,https://shop.qoin.world/listing/sharma-sameer/,"7 Loganberry Road, Manor Lakes VIC 3024, Australia"
Purple Pets - Macedon,1300 402 516,https://shop.qoin.world/listing/purple-pets-macedon/,"Macedon VIC, Australia"
Purple Pets - Sunbury,1300 402 516,https://shop.qoin.world/listing/purple-pets-sunbury/,"Sunbury VIC, Australia"
Purple Pets - Woodend,1300 402 516,https://shop.qoin.world/listing/purple-pets-woodend/,"Woodend VIC, Australia"
Payless Carpet Cleaning,1415933360,https://shop.qoin.world/listing/payless-carpet-cleaning/,"19 Kungala Street, ST MARYS NSW 2760"
Munch Crunch N Sip,424745678,https://shop.qoin.world/listing/munch-crunch-n-sip/,"Shop 5/126 Adelaide Street, Brisbane City QLD, Australia"
English test tutoring,404411177,https://shop.qoin.world/listing/english-test-tutoring/,"Sunnybank Hills QLD, Australia"
Vero Figarella,406090277,https://shop.qoin.world/listing/vero-figarella/,"5 Aldgate St, Sutherland NSW 2232, Australia"
Australian Mining Product and Services Pty Ltd,61497744770,https://shop.qoin.world/listing/australian-mining-product-and-services-pty-ltd/,"Brisbane QLD, Australia"
KaRmeleon Healings by Vicky,406699135,https://shop.qoin.world/listing/karmeleon-healings-by-vicky/,"Melbourne VIC, Australia"
QRS Shop,455246700,https://shop.qoin.world/listing/qrs-shop/,"Merriwa WA, Australia"
Above All Antennas,433896896,https://shop.qoin.world/listing/above-all-antennas/,"Hoxton Park NSW 2171, Australia"
NBJ Financial Services,0403 339 925,https://shop.qoin.world/listing/nbj-financial-services/,"Berowra Heights NSW 2082, Australia"
First Choice Djs,61491119477,https://shop.qoin.world/listing/first-choice-djs/,"Dawesville WA, Australia"
Supreme Chauffeur Driven Services,61897951595,https://shop.qoin.world/listing/supreme-chauffeur-driven-services/,"Bunbury WA, Australia"
Sakirhusen Munirhusen Kureshi Limosuine hire,403907865,https://shop.qoin.world/listing/sakirhusen-munirhusen-kureshi-limosuine-hire/,"1 Mill Rd, Liverpool NSW 2170, Australia"
Choice Plumbing,61416043559,https://shop.qoin.world/listing/choice-plumbing/,"Sydney NSW, Australia"
Nutrovape,0450 922 728,https://shop.qoin.world/listing/nutrovape/,"Pitt Street, Sydney NSW, Australia"
Dinny Home Solutions,61474305793,https://shop.qoin.world/listing/dinny-home-solutions/,"Adelaide SA, Australia"
Kim Turner Real Estate,0423 089 439,https://shop.qoin.world/listing/kim-turner-real-estate/,"32 Gibson Street, Mount Pleasant WA, Australia"
Ginger & Garlic Indian Cuisine,731589394,https://shop.qoin.world/listing/ginger-garlic-indian-cuisine/,"1/168 Adelaide Street, Brisbane City QLD, Australia"
David Andrews,425228809,https://shop.qoin.world/listing/david-andrews/,"9 Brisbane Rd, Mooloolaba QLD, Australia"
Afghan Women on the Move,0434 530 525,https://shop.qoin.world/listing/afghan-women-on-the-move/,"8 Merriville Rd, Kellyville Ridge NSW 2155, Australia"
To-Do Handyman,428620031,https://shop.qoin.world/listing/to-do-handyman/,"Brookwater QLD, Australia"
Westside Community Care,411021153,https://shop.qoin.world/listing/westside-community-care/,"389 Old Logan Rd, Springfield QLD 4300, Australia"
Hypnotic Coaching,407788545,https://shop.qoin.world/listing/hypnotic-coaching/,"Upper Coomera Queensland, Australia"
Venue Events,431379733,https://shop.qoin.world/listing/venue-events/,"Gungahlin ACT, Australia"
Grøunded Cafe Tawa,226905321,https://shop.qoin.world/listing/grounded-cafe-tawa/,"45 Devon Street, Glenholme, Rotorua, New Zealand"
TLYHW Pty Ltd,403258340,https://shop.qoin.world/listing/tlyhw-pty-ltd/,"15 Barclay Street, Deagon QLD, Australia"
CreteKreations,413931437,https://shop.qoin.world/listing/cretekreations/,"Nundah QLD, Australia"
Sharon Franks Results Coaching,438323937,https://shop.qoin.world/listing/sharon-franks-results-coaching/,"121 Manning Drive, Churchill VIC, Australia"
Octavia Shoes & Fashion,0404 467 860,https://shop.qoin.world/listing/octavia-shoes-fashion/,"Ashmore QLD, Australia"
Water And Waste Plumbing Darwin,428257160,https://shop.qoin.world/listing/water-and-waste-plumbing-darwin/,"6/21 Hawker Street, Zuccoli NT, Australia"
BTA Painting & Trade Services,0424 139 559,https://shop.qoin.world/listing/bta-painting-trade-services/,"Canberra ACT, Australia"
Krav Maga Northern Beaches,410785543,https://shop.qoin.world/listing/krav-maga-northern-beaches/,"5/3 Vuko Place, Warriewood NSW, Australia"
North Melbourne Mailplus,431118857,https://shop.qoin.world/listing/north-melbourne-mailplus/,"692 High St, Thornbury VIC 3071, Australia"
Festival State Plumbing & Maintainance,401341626,https://shop.qoin.world/listing/festival-state-plumbing-maintainance/,"428 Fullarton Rd, Myrtle Bank SA 5064, Australia"
Digital Creative,410212074,https://shop.qoin.world/listing/digital-creative/,"Brisbane QLD, Australia"
Ballooncini,02 9716 7600,https://shop.qoin.world/listing/ballooncini/,"169 Ramsay Street, Haberfield NSW, Australia"
Help-U-Pack Services,61412299919,https://shop.qoin.world/listing/help-u-pack-services/,"Gold Coast QLD, Australia"
Leela Care Services,406456640,https://shop.qoin.world/listing/leela-care-services/,"75 Merriville Road, Kellyville Ridge NSW 2155, Australia"
Bowerbird Media Group,0413 426 116,https://shop.qoin.world/listing/bowerbird-media-group/,"Gold Coast QLD, Australia"
Purple Pets - Craigieburn,1300 402 516,https://shop.qoin.world/listing/purple-pets-craigieburn/,"Craigieburn VIC, Australia"
Purple Pets - Campbellfield,1300 402 516,https://shop.qoin.world/listing/purple-pets-campbellfield/,"Campbellfield VIC, Australia"
Will's Window Washing and Gutter Cleaning,61449237403,https://shop.qoin.world/listing/wills-window-washing-and-gutter-cleaning/,"Adelaide SA, Australia"
Purple Pets - Mill Park,1300 402 516,https://shop.qoin.world/listing/purple-pets-mill-park/,"Mill Park VIC, Australia"
Norwest Massage,61425848744,https://shop.qoin.world/listing/norwest-massage/,"Schofields NSW 2762, Australia"
Blue Ocean Web Hosting,412455155,https://shop.qoin.world/listing/blue-ocean-web-hosting/,"514 Christine Ave, Robina QLD, Australia"
Purple Pets - Bundoora,1300 402 516,https://shop.qoin.world/listing/purple-pets-bundoora/,"Bundoora VIC, Australia"
Lex in Nature,421682285,https://shop.qoin.world/listing/lex-in-nature/,"Greenwich NSW 2065, Australia"
Purple Pets - Preston,1300 402 516,https://shop.qoin.world/listing/purple-pets-preston/,"Preston VIC, Australia"
Purple Pets - Coburg,1300 402 516,https://shop.qoin.world/listing/purple-pets-coburg/,"Coburg VIC, Australia"
Bliss Refrigeration & Air Conditioning Installation Pty Ltd,61400818527,https://shop.qoin.world/listing/bliss-refrigeration-air-conditioning-installation-pty-ltd/,"Gilmore ACT, Australia"
Purple Pets - Brunswick,1300 402 516,https://shop.qoin.world/listing/purple-pets-brunswick/,"Brunswick VIC, Australia"
Purple Pets - Essendon,1300 402 516,https://shop.qoin.world/listing/purple-pets-essendon/,"Essendon VIC, Australia"
Purple Pets - St Albans,1300 402 516,https://shop.qoin.world/listing/purple-pets-st-albans/,"St Albans VIC, Australia"
Purple Pets - Sunshine,1300 402 516,https://shop.qoin.world/listing/purple-pets-sunshine/,"Sunshine VIC, Australia"
Bruna Fonseca,497204710,https://shop.qoin.world/listing/bruna-fonseca/,"Earlwood NSW 2206, Australia"
Purple Pets - Footscray,1300 402 516,https://shop.qoin.world/listing/purple-pets-footscray/,"Footscray VIC, Australia"
Laquitas Beauty For Eternity,022 068 7134,https://shop.qoin.world/listing/laquitas-beauty-for-eternity/,"Hobsonville, Auckland, New Zealand"
Sage & Bloom,435441771,https://shop.qoin.world/listing/sage-bloom-2/,"38 Calnan Crescent, Cumbalum NSW, Australia"
Initial Desc custom clothes,473644962,https://shop.qoin.world/listing/initial-desc-custom-clothes/,"28 Bocking Ave, Bradbury NSW 2560, Australia"
Aluminium Door Repairs,61416146279,https://shop.qoin.world/listing/aluminium-door-repairs/,"Brisbane QLD, Australia"
T.A.G.,61417795940,https://shop.qoin.world/listing/t-a-g/,"Gold Coast QLD, Australia"
Balikbayan Queensland,435121012,https://shop.qoin.world/listing/balikbayan-queensland-5/,137 Michel St
Sonya Matthews,400883518,https://shop.qoin.world/listing/sonya-matthews/,"Mount Crosby QLD, Australia"
Purple Pets - Greensborough,1300 402 516,https://shop.qoin.world/listing/purple-pets-greensborough/,"Greensborough VIC, Australia"
Purple Pets - Heidelberg,1300 402 516,https://shop.qoin.world/listing/purple-pets-heidelberg/,"Heidelberg VIC, Australia"
Purple Pets - South Morang,1300 402 516,https://shop.qoin.world/listing/purple-pets-south-morang/,"South Morang VIC, Australia"
Purple Pets - Lalor,1300 402 516,https://shop.qoin.world/listing/purple-pets-lalor/,"Lalor VIC, Australia"
Purple Pets - Reservoir,1300 402 516,https://shop.qoin.world/listing/purple-pets-reservoir/,"Reservoir VIC, Australia"
Purple Pets - Broadmeadows,1300 402 516,https://shop.qoin.world/listing/purple-pets-broadmeadows/,"Broadmeadows VIC, Australia"
Purple Pets - Keilor,1300 402 516,https://shop.qoin.world/listing/purple-pets-keilor/,"Keilor VIC, Australia"
Purple Pets - Fawkner,1300 402 516,https://shop.qoin.world/listing/purple-pets-fawkner/,"Fawkner VIC, Australia"
Purple Pets - Hoppers Crossing,1300 402 516,https://shop.qoin.world/listing/purple-pets-hoppers-crossing/,"Hoppers Crossing VIC, Australia"
Purple Pets - Werribee,1300 402 516,https://shop.qoin.world/listing/purple-pets-werribee/,"Werribee VIC, Australia"
Purple Pets - Chadstone,1300 402 516,https://shop.qoin.world/listing/purple-pets-chadstone/,"Chadstone VIC, Australia"
Purple Pets - Mentone,1300 402 516,https://shop.qoin.world/listing/purple-pets-mentone/,"Mentone VIC, Australia"
Purple Pets - Brighton,1300 402 516,https://shop.qoin.world/listing/purple-pets-brighton/,"Brighton VIC, Australia"
Purple Pets - Springvale,1300 402 516,https://shop.qoin.world/listing/purple-pets-springvale/,"Springvale VIC, Australia"
Purple Pets - Frankston,1300 402 516,https://shop.qoin.world/listing/purple-pets-frankston/,"Frankston VIC, Australia"
Purple Pets - Carrum Downs,1300 402 516,https://shop.qoin.world/listing/purple-pets-carrum-downs/,"Carrum Downs VIC, Australia"
Purple Pets - Mount Eliza,1300 402 516,https://shop.qoin.world/listing/purple-pets-mount-eliza/,"Mount Eliza VIC, Australia"
Purple Pets - Cranbourne,1300 402 516,https://shop.qoin.world/listing/purple-pets-cranbourne/,"Cranbourne VIC, Australia"
Purple Pets - Dandenong,1300 402 516,https://shop.qoin.world/listing/purple-pets-dandenong/,"Dandenong VIC, Australia"
Purple Pets - Dandenong South,1300 402 516,https://shop.qoin.world/listing/purple-pets-dandenong-south/,"Dandenong South VIC, Australia"
Purple Pets - Dandenong South,1300 402 516,https://shop.qoin.world/listing/purple-pets-dandenong-south-2/,"Dandenong South VIC, Australia"
Purple Pets - Berwick,1300 402 516,https://shop.qoin.world/listing/purple-pets-berwick/,"Berwick VIC, Australia"
Albany Signs,9841 2204,https://shop.qoin.world/listing/albany-signs/,"5 Cockburn Road, Mira Mar WA, Australia"
Purple Pets - Hampton Park,1300 402 516,https://shop.qoin.world/listing/purple-pets-hampton-park/,"Hampton Park VIC, Australia"
Purple Pets - Lynbrook,1300 402 516,https://shop.qoin.world/listing/purple-pets-lynbrook/,"Lynbrook VIC, Australia"
Marty Grant painting,404330969,https://shop.qoin.world/listing/marty-grant-painting/,"283B Alexander Drive, Dianella WA, Australia"
Pests Out WA Pty Ltd,61417331879,https://shop.qoin.world/listing/pests-out-wa-pty-ltd/,"Joondalup WA, Australia"
Purple Pets - Endeavour Hills,1300 402 516,https://shop.qoin.world/listing/purple-pets-endeavour-hills/,"Endeavour Hills VIC, Australia"
Sunshine state Landscaping and Concreting,414807468,https://shop.qoin.world/listing/sunshine-state-landscaping-and-concreting/,"13 Hanwell Court, Little Mountain QLD, Australia"
Painter Bros,421395297,https://shop.qoin.world/listing/painter-bros/,"213 Edwards Street, Sunshine Beach QLD, Australia"
Sensations cafe,08 97547968,https://shop.qoin.world/listing/sensations-cafe/,"24 Freycinet Drive, Geographe WA, Australia"
Guidough's Bakery,022 649 8655,https://shop.qoin.world/listing/guidoughs-bakery/,"139 Ranolf Street, Glenholme, Rotorua, New Zealand"
Purple Pets - Gisborne,1300 402 516,https://shop.qoin.world/listing/purple-pets-gisborne/,"Gisborne VIC, Australia"
Local Handyman,406039000,https://shop.qoin.world/listing/local-handyman/,"9 Sarah Crescent, Ferny Grove QLD, Australia"
Hideaway Cafe,220502456,https://shop.qoin.world/listing/hideaway-cafe/,"4/169 Maunganui Road, Mount Maunganui 3116, New Zealand"
Easeland,452608209,https://shop.qoin.world/listing/easeland/,"Southport QLD, Australia"
Dynamotion,422115883,https://shop.qoin.world/listing/dynamotion/,"Algester QLD, Australia"
Amazing clean Mt Gravatt,33498155,https://shop.qoin.world/listing/amazing-clean-mt-gravatt/,"4/17 Dividend Street, Mansfield QLD, Australia"
Tech Store,221039863,https://shop.qoin.world/listing/tech-store/,"1/148 Horsham Downs Road, Rototuna, Hamilton, New Zealand"
North West Home Improvements,408293646,https://shop.qoin.world/listing/north-west-home-improvements/,"8423 Oxley Hwy, Gunnedah NSW 2380, Australia"
Mason Media,274439431,https://shop.qoin.world/listing/mason-media/,"2/32 Tawa Street, Mount Maunganui, New Zealand"
Security Camera Specialist,61432042002,https://shop.qoin.world/listing/security-camera-specialist/,"Melbourne VIC, Australia"
Crown Business Development,1300 709 292,https://shop.qoin.world/listing/crown-business-development-2/,"337 Mead Rd, Kalgan WA, Australia"
Digital Services,+61 437 682 558,https://shop.qoin.world/listing/digital-services/,Westmead
Nrf2foryou?,418767317,https://shop.qoin.world/listing/nrf2foryou/,"Caloundra West QLD, Australia"
SCOPE SECURITY PTY LTD,61416239463,https://shop.qoin.world/listing/scope-security-pty-ltd/,"Sydney NSW, Australia"
Nrf2foryou,418767317,https://shop.qoin.world/listing/nrf2foryou-2/,"Ochre Crescent, Caloundra West QLD, Australia"
Josie's Filipino Desserts,0403 698 219,https://shop.qoin.world/listing/josies-filipino-desserts/,"Melbourne VIC, Australia"
Clean Work,415191204,https://shop.qoin.world/listing/clean-work/,"23 Phillipson Cct, Mawson Lakes SA 5095, Australia"
Glass Splashback Co Pty Ltd,61418151277,https://shop.qoin.world/listing/glass-splashback-co-pty-ltd/,"Caboolture QLD, Australia"
Meridian Aluminium,865581800,https://shop.qoin.world/listing/meridian-aluminium/,"7 Hoskins Rd, Landsdale WA, Australia"
REMEDIOS MARTINEZ,0400 036 415,https://shop.qoin.world/listing/remedios-martinez/,"Melbourne VIC, Australia"
A Ace Appliance Repairer,61437936290,https://shop.qoin.world/listing/a-ace-appliance-repairer/,"Coombs ACT, Australia"
MAXINE MARY TOWNSEND,0403 603 701,https://shop.qoin.world/listing/maxine-mary-townsend/,"Bendigo Victoria, Australia"
Badrinath Thungathurthi,0402 859 349,https://shop.qoin.world/listing/badrinath-thungathurthi/,"275 Gower Street, Preston VIC, Australia"
Waxy Art Supplies Pty Ltd,61402288377,https://shop.qoin.world/listing/waxy-art-supplies-pty-ltd/,"Tamborine Mountain QLD, Australia"
Rohan James Robertson,0416 257 586,https://shop.qoin.world/listing/rohan-james-robertson/,"42 Hibiscus Avenue, Redcliffe Queensland 4020, Australia"
Steven Adamek,419127736,https://shop.qoin.world/listing/steven-adamek/,"Rye VIC, Australia"
Laurence Coremo,0401 403 678,https://shop.qoin.world/listing/laurence-coremo/,"Traralgon VIC, Australia"
Out Of Africa,410338007,https://shop.qoin.world/listing/out-of-africa/,"49-53 North Steyne, Manly NSW 2095, Australia"
Gemma Marissa Laurenciano,0431 175 022,https://shop.qoin.world/listing/gemma-marissa-laurenciano/,"Melbourne VIC, Australia"
Greensta,400491359,https://shop.qoin.world/listing/greensta/,"3 Yarran Street, Narangba QLD, Australia"
The Lions Den Australia Inc,455794698,https://shop.qoin.world/listing/the-lions-den-australia-inc/,"Redbank Plains QLD, Australia"
S Docherty L Docherty,420263615,https://shop.qoin.world/listing/s-docherty-l-docherty/,"7 Dutton Gardens, South Yunderup WA, Australia"
Blake’s truck services,434118685,https://shop.qoin.world/listing/blakes-truck-services/,"42 Crest Street, Narangba QLD, Australia"
MAINWORX,61404702277,https://shop.qoin.world/listing/mainworx/,"Drummoyne NSW 2047, Australia"
Guru Driving School Perth,61468452400,https://shop.qoin.world/listing/guru-driving-school-perth/,"Perth WA, Australia"
Coastal Visions Photography,0421 441 238,https://shop.qoin.world/listing/coastal-visions-photography/,"Cabarita Beach NSW, Australia"
Hosna Butchery,61451405766,https://shop.qoin.world/listing/hosna-butchery/,"43 Villawood Place, Villawood NSW, Australia"
Purple Pets - Elwood,1300 402 516,https://shop.qoin.world/listing/purple-pets-elwood/,"Elwood VIC, Australia"
Purple Pets - South Melbourne,1300 402 516,https://shop.qoin.world/listing/purple-pets-south-melbourne/,"South Melbourne VIC, Australia"
Evans family trust,422122811,https://shop.qoin.world/listing/evans-family-trust/,"7 Saltwater Avenue, Burns Beach WA, Australia"
DoorwaytoWellness,435 448 223,https://shop.qoin.world/listing/doorwaytowellness/,"36 Victoria Street, Spring Hill Brisbane, QLD, Australia"
Life Changing Water,0457 882 175,https://shop.qoin.world/listing/life-changing-water/,"QLD, Australia"
Purple Pets - Windsor,1300 402 516,https://shop.qoin.world/listing/purple-pets-windsor/,"Windsor VIC, Australia"
Frethan Technology,0418 899 698,https://shop.qoin.world/listing/frethan-technology/,"2b/11 Donkin Street, West End QLD, Australia"
Ajr electrical & data,1300 310 107,https://shop.qoin.world/listing/ajr-electrical-data/,"Finlayson Street, South Wentworthville NSW, Australia"
Jasmine Duque-Anne Physiotherapist,422770997,https://shop.qoin.world/listing/jasmine-duque-anne-physiotherapist/,"Byron Bay NSW, Australia"
Purple Pets - Prahran,1300 402 516,https://shop.qoin.world/listing/purple-pets-prahran/,"Prahran VIC, Australia"
SUSHIL PANDEY,0411 152 234,https://shop.qoin.world/listing/sushil-pandey/,"Auburn NSW, Australia"
My Nutrition Pantry,410638297,https://shop.qoin.world/listing/my-nutrition-pantry/,"619 Doncaster Rd, Doncaster VIC, Australia"
Purple Pets - Armadale,1300 402 516,https://shop.qoin.world/listing/purple-pets-armadale/,"Armadale VIC, Australia"
Purple Pets - Caulfield,1300 402 516,https://shop.qoin.world/listing/purple-pets-caulfield/,"Caulfield VIC, Australia"
Purple Pets - St Kilda East,1300 402 516,https://shop.qoin.world/listing/purple-pets-st-kilda-east/,"St Kilda East VIC, Australia"
Purple Pets - Elsternwick,1300 402 516,https://shop.qoin.world/listing/purple-pets-elsternwick/,"Elsternwick VIC, Australia"
Sign Supply Australia,0423 857 181,https://shop.qoin.world/listing/sign-supply-australia/,"Cabarita Beach NSW, Australia"
AJAY GOYAL,0432 708 091,https://shop.qoin.world/listing/ajay-goyal/,"Melbourne VIC, Australia"
Sweetmoon Snowglobes,0488 226 689,https://shop.qoin.world/listing/sweetmoon-snowglobes/,"The Gap QLD, Australia"
Purple Pets - Richmond,1300 402 516,https://shop.qoin.world/listing/purple-pets-richmond-2/,"Richmond VIC, Australia"
Your Holistic Journey,466266744,https://shop.qoin.world/listing/your-holistic-journey/,"4 Redgrave Street, Stafford Heights QLD, Australia"
Nicola Smith - Disability Support Services,423659798,https://shop.qoin.world/listing/nicola-smith-disability-support-services/,"2801 Gold Coast Highway, Surfers Paradise QLD, Australia"
Kivie by Bucca,0433 840 156,https://shop.qoin.world/listing/kivie-by-bucca/,"65 Peninsula Drive, Robina QLD, Australia"
Dancing Pencil Designs,435114556,https://shop.qoin.world/listing/dancing-pencil-designs/,"2/20 Styer Circuit, Burleigh Waters QLD, Australia"
Purple Pets - South Yarra,1300 402 516,https://shop.qoin.world/listing/purple-pets-south-yarra/,"South Yarra VIC, Australia"
Purple Pets - Balaclava,1300 402 516,https://shop.qoin.world/listing/purple-pets-balaclava/,"Balaclava VIC, Australia"
Seabreeze Life,0466 623 791,https://shop.qoin.world/listing/seabreeze-life/,"244 George Street, Bundaberg West QLD, Australia"
Purple Pets - Middle Park,1300 402 516,https://shop.qoin.world/listing/purple-pets-middle-park/,"Middle Park VIC, Australia"
Hamilton Animations,434123205,https://shop.qoin.world/listing/hamilton-animations-2/,"Thorneside QLD, Australia"
Purple Pets - Toorak,1300 402 516,https://shop.qoin.world/listing/purple-pets-toorak/,"Toorak VIC, Australia"
Explode(1024),402801261,https://shop.qoin.world/listing/explode1024/,"18 Ellen St, Woody Point QLD, Australia"
Purple Pets - Kooyong,1300 402 516,https://shop.qoin.world/listing/purple-pets-kooyong/,"Kooyong VIC, Australia"
Purple Pets - Hawthorn,1300 402 516,https://shop.qoin.world/listing/purple-pets-hawthorn/,"Hawthorn VIC, Australia"
Purple Pets - Hawthorn East,1300 402 516,https://shop.qoin.world/listing/purple-pets-hawthorn-east/,"Hawthorn East VIC, Australia"
Sydney Luxury Taxi Service,451441509,https://shop.qoin.world/listing/sydney-luxury-taxi-service/,"50 Emerald Hills Blvd, Leppington NSW 2179, Australia"
Purple Pets - Burnley,1300 402 516,https://shop.qoin.world/listing/purple-pets-burnley/,"Burnley VIC, Australia"
Purple Pets - Collingwood,1300 402 516,https://shop.qoin.world/listing/purple-pets-collingwood/,"Collingwood VIC, Australia"
DP Training Pty Ltd,1300 130 487,https://shop.qoin.world/listing/dp-training-pty-ltd/,"161 State Route 26, Bowen Hills QLD 4006, Australia"
LASH LAB. QUEENSLAND,61459974338,https://shop.qoin.world/listing/lash-lab-queensland/,"Coomera QLD, Australia"
Purple Pets - Canterbury,1300 402 516,https://shop.qoin.world/listing/purple-pets-canterbury-2/,"Canterbury VIC, Australia"
Foster Jones,449834774,https://shop.qoin.world/listing/foster-jones/,"Holm Place, Carindale QLD, Australia"
Star Promotions,0421 652 132,https://shop.qoin.world/listing/star-promotions/,"391 Wickham Terrace, Spring Hill QLD 4000, Australia"
Little Elephant Designs,61406930102,https://shop.qoin.world/listing/little-elephant-designs/,"Sydney NSW, Australia"
Dylan's rubbish removal and lawn care,61455824495,https://shop.qoin.world/listing/dylans-rubbish-removal-and-lawn-care/,"Hobart TAS, Australia"
MedEquine,406360406,https://shop.qoin.world/listing/medequine/,"154 Fountain Road, Burpengary East QLD, Australia"
Housemaidens Cleaning Service,412122193,https://shop.qoin.world/listing/housemaidens-cleaning-service/,Redland Bay 4161
Work Out Wear,438732149,https://shop.qoin.world/listing/work-out-wear/,"Thornycroft Street, Tarragindi QLD, Australia"
A Abbott Locksmiths,412728789,https://shop.qoin.world/listing/a-abbott-locksmiths-2/,"228 Brighton Avenue, Campsie NSW 2194, Australia"
Smart Painters,421471463,https://shop.qoin.world/listing/smart-painters/,"236 Lonsdale Street, Dandenong VIC 3175, Australia"
Flats and Heels By Yours Truly,439685374,https://shop.qoin.world/listing/flats-and-heels-by-yours-truly/,"Carindale QLD, Australia"
Soul Kitchen / Vanessa Hapi,61411471967,https://shop.qoin.world/listing/soul-kitchen-vanessa-hapi/,"Nerang QLD, Australia"
Cazz Care,0414 596 881,https://shop.qoin.world/listing/cazz-care/,"Caulfield VIC, Australia"
See The Vision Productions,414773450,https://shop.qoin.world/listing/see-the-vision-productions/,"Croydon VIC 3136, Australia"
Surfers Paradise Accommodation in Oaks Hotel,423659798,https://shop.qoin.world/listing/surfers-paradise-accommodation-in-oaks-hotel/,"2801 Gold Coast Highway, Surfers Paradise QLD, Australia"
Atarpreet Freight transport,0452 442 542,https://shop.qoin.world/listing/atarpreet-freight-transport/,"129 High St, Wallan VIC, Australia"
Singh Taxi Services,0449 738 506,https://shop.qoin.world/listing/singh-taxi-services/,"73 Price Ridge, Leppington NSW 2179, Australia"
Black Feather Studio,421223882,https://shop.qoin.world/listing/black-feather-studio/,"19 Bards Court, Nerang QLD, Australia"
Fahim Taxi Services,450089051,https://shop.qoin.world/listing/fahim-taxi-services/,"49 Morwell Crescent, Dallas VIC, Australia"
Greensta Retro Games,0400 491 359,https://shop.qoin.world/listing/greensta-retro-games/,"3 Yarran Street, Narangba QLD, Australia"
Greenfab Steel Works,0426 758 692,https://shop.qoin.world/listing/greenfab-steel-works/,"Yass NSW, Australia"
Eagle Farm Vocational Tutors - Proud affiliate of Tutor Group (TG),07 3171 0988,https://shop.qoin.world/listing/eagle-farm-vocational-tutors-proud-affiliate-of-tutor-group-tg/,"Eagle Farm QLD, Australia"
Springfield Vocational Tutors - Proud affiliate of Tutor Group (TG),07 3667 7459,https://shop.qoin.world/listing/springfield-vocational-tutors-proud-affiliate-of-tutor-group-tg/,"Springfield QLD, Australia"
Acacia Ridge Vocational Tutors - Proud affiliate of Tutor Group (TG),07 3171 0989,https://shop.qoin.world/listing/acacia-ridge-vocational-tutors-proud-affiliate-of-tutor-group-tg/,"Acacia Ridge QLD, Australia"
Inala Vocational Tutors - Proud affiliate of Tutor Group (TG),07 3186 5331,https://shop.qoin.world/listing/inala-vocational-tutors-proud-affiliate-of-tutor-group-tg/,"Inala QLD, Australia"
Redcliffe Vocational Tutors - Proud affiliate of Tutor Group (TG),07 3067 0671,https://shop.qoin.world/listing/redcliffe-vocational-tutors-proud-affiliate-of-tutor-group-tg/,"Redcliffe QLD, Australia"
Ride to the Sky and Vines Guided eBike Tours,64211502029,https://shop.qoin.world/listing/ride-to-the-sky-and-vines-guided-ebike-tours/,"26 Hansen Road, Frankton, Queenstown, New Zealand"
Coast-Tech Tv Service,422430067,https://shop.qoin.world/listing/coast-tech-tv-service/,"13 Creekside Cct, Nambour QLD 4560, Australia"
Purple Pets - Ashburton,1300 402 516,https://shop.qoin.world/listing/purple-pets-ashburton/,"Ashburton VIC, Australia"
Purple Pets - Carlton North,1300 402 516,https://shop.qoin.world/listing/purple-pets-carlton-north/,"Carlton North VIC, Australia"
Purple Pets - Kew,1300 402 516,https://shop.qoin.world/listing/purple-pets-kew/,"Kew VIC, Australia"
Purple Pets - Balwyn,1300 402 516,https://shop.qoin.world/listing/purple-pets-balwyn/,"Balwyn VIC, Australia"
AU Tertiary Tutors - Proud affiliate of Tutor Group (TG),08 7078 3670,https://shop.qoin.world/listing/au-tertiary-tutors-proud-affiliate-of-tutor-group-tg/,"Adelaide CBD, Adelaide SA, Australia"
Purple Pets - Fairfield,1300 402 516,https://shop.qoin.world/listing/purple-pets-fairfield-2/,"Fairfield VIC, Australia"
Mount Gravatt Vocational Tutors - Proud affiliate of Tutor Group (TG),07 3067 8902,https://shop.qoin.world/listing/mount-gravatt-vocational-tutors-proud-affiliate-of-tutor-group-tg/,"Mount Gravatt QLD, Australia"
Loganlea Vocational Tutors - Proud affiliate of Tutor Group (TG),07 3180 0614,https://shop.qoin.world/listing/loganlea-vocational-tutors-proud-affiliate-of-tutor-group-tg/,"Loganlea QLD, Australia"
Purple Pets - Carlton,1300 402 516,https://shop.qoin.world/listing/purple-pets-carlton/,"Carlton VIC, Australia"
Purple Pets - Seddon,1300 402 516,https://shop.qoin.world/listing/purple-pets-seddon/,"Seddon VIC, Australia"
Purple Pets - West Footscray,1300 402 516,https://shop.qoin.world/listing/purple-pets-west-footscray/,"West Footscray VIC, Australia"
Purple Pets - Altona Meadows,1300 402 516,https://shop.qoin.world/listing/purple-pets-altona-meadows/,"Altona Meadows VIC, Australia"
Brisbane Vocational Tutors - Proud affiliate of Tutor Group (TG),07 3063 0775,https://shop.qoin.world/listing/brisbane-vocational-tutors-proud-affiliate-of-tutor-group-tg/,"South Bank, South Brisbane QLD, Australia"
Purple Pets - Sorento,1300 402 516,https://shop.qoin.world/listing/purple-pets-sorento/,"Sorrento VIC, Australia"
Purple Pets - Rye,1300 402 516,https://shop.qoin.world/listing/purple-pets-rye/,"Rye VIC, Australia"
Chippendale Vocational Tutors - Proud affiliate of Tutor Group (TG),02 8317 3556,https://shop.qoin.world/listing/chippendale-vocational-tutors-proud-affiliate-of-tutor-group-tg/,"Chippendale NSW, Australia"
Purple Pets - Rosebud,1300 402 516,https://shop.qoin.world/listing/purple-pets-rosebud/,"Rosebud VIC, Australia"
Purple Pets - Lara,1300 402 516,https://shop.qoin.world/listing/purple-pets-lara/,"Lara VIC, Australia"
Ultimo Vocational Tutors - Proud affiliate of Tutor Group (TG),02 8317 3595,https://shop.qoin.world/listing/ultimo-vocational-tutors-proud-affiliate-of-tutor-group-tg/,"Ultimo NSW, Australia"
Purple Pets - Corio,1300 402 516,https://shop.qoin.world/listing/purple-pets-corio/,"Corio VIC, Australia"
Purple Pets - Norlane,1300 402 516,https://shop.qoin.world/listing/purple-pets-norlane/,"Norlane VIC, Australia"
Surry Hills Vocational Tutors - Proud affiliate of Tutor Group (TG),02 8317 3617,https://shop.qoin.world/listing/surry-hills-vocational-tutors-proud-affiliate-of-tutor-group-tg/,"Surry Hills NSW, Australia"
Purple Pets - Bell Park,1300 402 516,https://shop.qoin.world/listing/purple-pets-bell-park/,"Bell Park VIC, Australia"
Purple Pets - Hamlyn Heights,1300 402 516,https://shop.qoin.world/listing/purple-pets-hamlyn-heights/,"Hamlyn Heights VIC, Australia"
Randwick Vocational Tutors - Proud affiliate of Tutor Group (TG),02 8488 0959,https://shop.qoin.world/listing/randwick-vocational-tutors-proud-affiliate-of-tutor-group-tg/,"Randwick NSW, Australia"
Purple Pets - North Geelong,1300 402 516,https://shop.qoin.world/listing/purple-pets-north-geelong/,"North Geelong VIC, Australia"
Purple Pets - Geelong West,1300 402 516,https://shop.qoin.world/listing/purple-pets-geelong-west/,"Geelong West VIC, Australia"
Purple Pets - Manifold Heights,1300 402 516,https://shop.qoin.world/listing/purple-pets-manifold-heights/,"Manifold Heights VIC, Australia"
Purple Pets - Highton,1300 402 516,https://shop.qoin.world/listing/purple-pets-highton/,"Highton VIC, Australia"
Purple Pets - Belmont,1300 402 516,https://shop.qoin.world/listing/purple-pets-belmont/,"Belmont VIC, Australia"
Purple Pets - Newport,1300 402 516,https://shop.qoin.world/listing/purple-pets-newport-2/,"Newport VIC, Australia"
Purple Pets - Whittington,1300 402 516,https://shop.qoin.world/listing/purple-pets-whittington/,"Whittington VIC, Australia"
Purple Pets - East Geelong,1300 402 516,https://shop.qoin.world/listing/purple-pets-east-geelong/,"East Geelong VIC, Australia"
Purple Pets - Waurn Ponds,1300 402 516,https://shop.qoin.world/listing/purple-pets-waurn-ponds/,"Waurn Ponds VIC, Australia"
Purple Pets - Grovedale,1300 402 516,https://shop.qoin.world/listing/purple-pets-grovedale/,"Grovedale VIC, Australia"
Purple Pets - Torquay,1300 402 516,https://shop.qoin.world/listing/purple-pets-torquay/,"Torquay VIC, Australia"
Purple Pets - Barwon Heads,1300 402 516,https://shop.qoin.world/listing/purple-pets-barwon-heads/,"Barwon Heads VIC, Australia"
Purple Pets - Anglesea,1300 402 516,https://shop.qoin.world/listing/purple-pets-anglesea/,"Anglesea VIC, Australia"
The Rainbow Hub,434218330,https://shop.qoin.world/listing/the-rainbow-hub-3/,"Werribee VIC, Australia"
Enmore Vocational Tutors - Proud affiliate of Tutor Group (TG),02 8599 6127,https://shop.qoin.world/listing/enmore-vocational-tutors-proud-affiliate-of-tutor-group-tg/,"Enmore NSW, Australia"
Hornsby Vocational Tutors - Proud affiliate of Tutor Group (TG),02 8599 6143,https://shop.qoin.world/listing/hornsby-vocational-tutors-proud-affiliate-of-tutor-group-tg/,"Hornsby NSW, Australia"
Northern Beaches Vocational Tutors - Proud affiliate of Tutor Group (TG),02 8488 1076,https://shop.qoin.world/listing/northern-beaches-vocational-tutors-proud-affiliate-of-tutor-group-tg/,"Narrabeen NSW, Australia"
St Leonards Vocational Tutors - Proud affiliate of Tutor Group (TG),02 8599 6157,https://shop.qoin.world/listing/st-leonards-vocational-tutors-proud-affiliate-of-tutor-group-tg/,"St Leonards NSW, Australia"
Ryde Vocational Tutors - Proud affiliate of Tutor Group (TG),02 8880 0307,https://shop.qoin.world/listing/ryde-vocational-tutors-proud-affiliate-of-tutor-group-tg/,"Ryde NSW, Australia"
Gymea Vocational Tutors - Proud affiliate of Tutor Group (TG),02 8518 1292,https://shop.qoin.world/listing/gymea-vocational-tutors-proud-affiliate-of-tutor-group-tg/,"Gymea NSW, Australia"
St George Vocational Tutors - Proud affiliate of Tutor Group (TG),02 8518 1238,https://shop.qoin.world/listing/st-george-vocational-tutors-proud-affiliate-of-tutor-group-tg/,"Kogarah NSW, Australia"
Strathfield Vocational Tutors - Proud affiliate of Tutor Group (TG),02 8488 0954,https://shop.qoin.world/listing/strathfield-vocational-tutors-proud-affiliate-of-tutor-group-tg/,"Strathfield NSW, Australia"
Liverpool Vocational Tutors - Proud affiliate of Tutor Group (TG),02 8880 0275,https://shop.qoin.world/listing/liverpool-vocational-tutors-proud-affiliate-of-tutor-group-tg/,"Liverpool NSW, Australia"
Campbelltown Vocational Tutors - Proud affiliate of Tutor Group (TG),02 8880 5790,https://shop.qoin.world/listing/campbelltown-vocational-tutors-proud-affiliate-of-tutor-group-tg/,"Campbelltown NSW, Australia"
Blacktown Vocational Tutors - Proud affiliate of Tutor Group (TG),02 8880 0239,https://shop.qoin.world/listing/blacktown-vocational-tutors-proud-affiliate-of-tutor-group-tg/,"Blacktown NSW, Australia"
Castle Hill Vocational Tutors - Proud affiliate of Tutor Group (TG),02 8599 6133,https://shop.qoin.world/listing/castle-hill-vocational-tutors-proud-affiliate-of-tutor-group-tg/,"Castle Hill NSW, Australia"
Penrith Vocational Tutors - Proud affiliate of Tutor Group (TG),02 8880 5848,https://shop.qoin.world/listing/penrith-vocational-tutors-proud-affiliate-of-tutor-group-tg/,"Penrith NSW, Australia"
Newcastle Vocational Tutors - Proud affiliate of Tutor Group (TG),02 4039 8031,https://shop.qoin.world/listing/newcastle-vocational-tutors-proud-affiliate-of-tutor-group-tg/,"Newcastle NSW, Australia"
Wollongong Vocational Tutors - Proud affiliate of Tutor Group (TG),02 4203 2400,https://shop.qoin.world/listing/wollongong-vocational-tutors-proud-affiliate-of-tutor-group-tg/,"Wollongong NSW, Australia"
Dapto Vocational Tutors - Proud affiliate of Tutor Group (TG),02 4208 0345,https://shop.qoin.world/listing/dapto-vocational-tutors-proud-affiliate-of-tutor-group-tg/,"Dapto NSW, Australia"
Shellharbour Vocational Tutors - Proud affiliate of Tutor Group (TG),02 4263 0043,https://shop.qoin.world/listing/shellharbour-vocational-tutors-proud-affiliate-of-tutor-group-tg/,"Shellharbour NSW, Australia"
Nowra Vocational Tutors - Proud affiliate of Tutor Group (TG),02 4242 7502,https://shop.qoin.world/listing/nowra-vocational-tutors-proud-affiliate-of-tutor-group-tg/,"Nowra NSW, Australia"
Wyong Vocational Tutors - Proud affiliate of Tutor Group (TG),02 4326 0664,https://shop.qoin.world/listing/wyong-vocational-tutors-proud-affiliate-of-tutor-group-tg/,"Wyong NSW, Australia"
Gosford Vocational Tutors - Proud affiliate of Tutor Group (TG),02 4326 0839,https://shop.qoin.world/listing/gosford-vocational-tutors-proud-affiliate-of-tutor-group-tg/,"Gosford NSW, Australia"
Ourimbah Vocational Tutors - Proud affiliate of Tutor Group (TG),02 4346 4263,https://shop.qoin.world/listing/ourimbah-vocational-tutors-proud-affiliate-of-tutor-group-tg/,"Ourimbah NSW, Australia"
Hamilton Vocational Tutors - Proud affiliate of Tutor Group (TG),02 4039 8006,https://shop.qoin.world/listing/hamilton-vocational-tutors-proud-affiliate-of-tutor-group-tg/,"Hamilton NSW, Australia"
Sharlene Younger | Holistic Wellness and Beauty Practitioner,411719718,https://shop.qoin.world/listing/sharlene-younger-holistic-wellness-and-beauty-practitioner/,"Vallely Street, Annerley QLD, Australia"
EKOH Marketing,421028662,https://shop.qoin.world/listing/ekoh-marketing-2/,Coral Sea
Michelle Stone-Tolcher - Reiki Practitioner,411632816,https://shop.qoin.world/listing/michelle-stone-tolcher-reiki-practitioner/,"Gold Coast QLD, Australia"
Glendale Vocational Tutors - Proud affiliate of Tutor Group (TG),02 4039 8001,https://shop.qoin.world/listing/glendale-vocational-tutors-proud-affiliate-of-tutor-group-tg/,"Glendale NSW, Australia"
Belmont Vocational Tutors - Proud affiliate of Tutor Group (TG),02 4040 9818,https://shop.qoin.world/listing/belmont-vocational-tutors-proud-affiliate-of-tutor-group-tg/,"Belmont NSW, Australia"
Cessnock Vocational Tutors - Proud affiliate of Tutor Group (TG),02 4039 8019,https://shop.qoin.world/listing/cessnock-vocational-tutors-proud-affiliate-of-tutor-group-tg/,"Cessnock NSW, Australia"
Ayurveda Doctor,0433 175 178,https://shop.qoin.world/listing/ayurveda-doctor/,"Melbourne VIC, Australia"
Mala Loves,n/a,https://shop.qoin.world/listing/mala-loves-2/,"Perth WA, Australia"
Mala Loves,N/a,https://shop.qoin.world/listing/mala-loves-3/,"Darwin NT, Australia"
Mala Loves,N/A,https://shop.qoin.world/listing/mala-loves-4/,"Toowoomba QLD, Australia"
JASKARAN SINGH,0416 792 227,https://shop.qoin.world/listing/jaskaran-singh/,"Western Australia, Australia"
FU Tertiary Tutors - Proud affiliate of Tutor Group (TG),08 7228 5214,https://shop.qoin.world/listing/fu-tertiary-tutors-proud-affiliate-of-tutor-group-tg/,"Clovelly Park SA, Australia"
Mala Loves,N/A,https://shop.qoin.world/listing/mala-loves-5/,"Noosa, QLD, Australia"
MON Tertiary Tutors - Proud affiliate of Tutor Group (TG),03 9999 7425,https://shop.qoin.world/listing/mon-tertiary-tutors-proud-affiliate-of-tutor-group-tg/,"Clayton VIC, Australia"
Mala Loves,N/A,https://shop.qoin.world/listing/mala-loves-6/,"Brisbane QLD, Australia"
Mala Loves,N/A,https://shop.qoin.world/listing/mala-loves-7/,"Byron Bay NSW, Australia"
Mala Loves,N/A,https://shop.qoin.world/listing/mala-loves-8/,"Gold Coast QLD, Australia"
Mala Loves,N/A,https://shop.qoin.world/listing/mala-loves-9/,"Sydney NSW, Australia"
UMELB Tertiary Tutors - Proud affiliate of Tutor Group (TG),03 9111 2363,https://shop.qoin.world/listing/umelb-tertiary-tutors-proud-affiliate-of-tutor-group-tg/,"Parkville VIC, Australia"
Mala Loves,N/A,https://shop.qoin.world/listing/mala-loves-10/,"Launceston TAS, Australia"
Mala Loves,N/A,https://shop.qoin.world/listing/mala-loves-11/,"Hobart TAS, Australia"
VU Tertiary Tutors - Proud affiliate of Tutor Group (TG),03 9088 0397,https://shop.qoin.world/listing/vu-tertiary-tutors-proud-affiliate-of-tutor-group-tg/,"Footscray VIC, Australia"
Mala Loves,N/A,https://shop.qoin.world/listing/mala-loves-12/,"Melbourne VIC, Australia"
LTU Tertiary Tutors - Proud affiliate of Tutor Group (TG),03 9998 0445,https://shop.qoin.world/listing/ltu-tertiary-tutors-proud-affiliate-of-tutor-group-tg/,"Bundoora VIC, Australia"
Mala Loves,N/A,https://shop.qoin.world/listing/mala-loves-13/,"Alice Springs NT, Australia"
CUT Tertiary Tutors - Proud affiliate of Tutor Group (TG),08 6117 3867,https://shop.qoin.world/listing/cut-tertiary-tutors-proud-affiliate-of-tutor-group-tg/,"Bentley WA, Australia"
Mala Loves,N/A,https://shop.qoin.world/listing/mala-loves-14/,"Adelaide SA, Australia"
Bankstown Vocational Tutors - Proud affiliate of Tutor Group (TG),02 8880 5669,https://shop.qoin.world/listing/bankstown-vocational-tutors-proud-affiliate-of-tutor-group-tg/,"Bankstown NSW, Australia"
West Wollongong Vocational Tutors - Proud affiliate of Tutor Group (TG),02 4208 0394,https://shop.qoin.world/listing/west-wollongong-vocational-tutors-proud-affiliate-of-tutor-group-tg/,"West Wollongong NSW, Australia"
Katoomba Vocational Tutors - Proud affiliate of Tutor Group (TG),02 8880 0276,https://shop.qoin.world/listing/katoomba-vocational-tutors-proud-affiliate-of-tutor-group-tg/,"Katoomba NSW, Australia"
Queen of Pets - Castle Hill,02 8599 6175,https://shop.qoin.world/listing/queen-of-pets-castle-hill/,"Castle Hill NSW, Australia"
Queen of Pets - Lindfield,02 8599 6159,https://shop.qoin.world/listing/queen-of-pets-lindfield/,"Lindfield NSW, Australia"
Queen of Pets - Gordon,02 8599 4415,https://shop.qoin.world/listing/queen-of-pets-gordon/,"Gordon NSW, Australia"
Queen of Pets - Frenchs Forest,02 8488 0923,https://shop.qoin.world/listing/queen-of-pets-frenchs-forest/,"Frenchs Forest NSW, Australia"
Queen of Pets - Mona Vale,02 8488 0956,https://shop.qoin.world/listing/queen-of-pets-mona-vale/,"Mona Vale NSW, Australia"
Sail Around Syndey,Kel Morrison,https://shop.qoin.world/listing/sail-around-syndey/,"Sydney NSW, Australia"
GREGORIO IFURUNG,0431 287 394,https://shop.qoin.world/listing/gregorio-ifurung/,"6 Gascoyne Way, Truganina VIC, Australia"
Queen of Pets - Belrose,02 8518 1261,https://shop.qoin.world/listing/queen-of-pets-belrose/,"Belrose NSW, Australia"
Queen of Pets - Collaroy,02 8599 6174,https://shop.qoin.world/listing/queen-of-pets-collaroy/,"Collaroy NSW, Australia"
Queen of Pets - Dee Why,02 8488 0942,https://shop.qoin.world/listing/queen-of-pets-dee-why/,"Dee Why NSW, Australia"
Queen of Pets - Manly,02 8518 1218,https://shop.qoin.world/listing/queen-of-pets-manly/,"Manly NSW, Australia"
Queen of Pets - Avalon Beach,02 8317 3554,https://shop.qoin.world/listing/queen-of-pets-avalon-beach/,"Avalon Beach NSW, Australia"
Zam Zam Coffee Shop,0401 789 670,https://shop.qoin.world/listing/zam-zam-coffee-shop/,"3/115 Nicholson Street, Footscray VIC, Australia"
Queen of Pets - Baulkham Hills,02 8518 1291,https://shop.qoin.world/listing/queen-of-pets-baulkham-hills/,"Baulkham Hills NSW, Australia"
Queen of Pets - Mosman,02 8317 3508,https://shop.qoin.world/listing/queen-of-pets-mosman/,"Mosman NSW, Australia"
Queen of Pets - Lane Cove,02 8317 3587,https://shop.qoin.world/listing/queen-of-pets-lane-cove/,"Lane Cove NSW, Australia"
Queen of Pets - Hunters Hill,02 8317 3660,https://shop.qoin.world/listing/queen-of-pets-hunters-hill/,"Hunters Hill NSW, Australia"
Queen of Pets - Guildford,02 8880 0289,https://shop.qoin.world/listing/queen-of-pets-guildford/,"Guildford NSW, Australia"
Queen of Pets - Strathfield,02 8518 1219,https://shop.qoin.world/listing/queen-of-pets-strathfield/,"Strathfield NSW, Australia"
Queen of Pets - Fairfield,02 8880 5703,https://shop.qoin.world/listing/queen-of-pets-fairfield/,"Fairfield NSW, Australia"
Queen of Pets - Lidcombe,02 8880 5980,https://shop.qoin.world/listing/queen-of-pets-lidcombe/,"Lidcombe NSW, Australia"
Queen of Pets - Canterbury,02 8880 0172,https://shop.qoin.world/listing/queen-of-pets-canterbury/,"Canterbury NSW, Australia"
Queen of Pets - Chullora,02 8880 5614,https://shop.qoin.world/listing/queen-of-pets-chullora/,"Chullora NSW, Australia"
Fiji Cafe,0433 990 850,https://shop.qoin.world/listing/fiji-cafe/,"90 Thomas St, Dandenong VIC 3175, Australia"
Nalu Studios,422277895,https://shop.qoin.world/listing/nalu-studios/,"Byron Bay NSW, Australia"
Queen of Pets - Marrickville,02 8317 3470,https://shop.qoin.world/listing/queen-of-pets-marrickville/,"Marrickville NSW, Australia"
Complete Blinds and Awnings,46392535,https://shop.qoin.world/listing/complete-blinds-and-awnings/,"122 Jellicoe Street, North Toowoomba QLD, Australia"
Queen of Pets - Rockdale,02 8880 5749,https://shop.qoin.world/listing/queen-of-pets-rockdale/,"Rockdale NSW, Australia"
Queen of Pets - Hurstville,02 8599 6144,https://shop.qoin.world/listing/queen-of-pets-hurstville/,"Hurstville NSW, Australia"
Queen of Pets - Bonnyrigg,02 8880 0425,https://shop.qoin.world/listing/queen-of-pets-bonnyrigg/,"Bonnyrigg NSW, Australia"
FreshFeelz,402005407,https://shop.qoin.world/listing/freshfeelz/,"27 Black Street, Milton QLD, Australia"
Aamo Architects,0415 673 529,https://shop.qoin.world/listing/aamo-architects/,"Auburn NSW 2144, Australia"
Queen of Pets - Kellyville,02 8599 6108,https://shop.qoin.world/listing/queen-of-pets-kellyville/,"Kellyville NSW, Australia"
Queen of Pets - Blacktown,02 8880 5725,https://shop.qoin.world/listing/queen-of-pets-blacktown/,"Blacktown NSW, Australia"
Queen of Pets - Quakers Hill,02 8880 0312,https://shop.qoin.world/listing/queen-of-pets-quakers-hill/,"Quakers Hill NSW, Australia"
Queen of Pets - Campbelltown,02 8880 0291,https://shop.qoin.world/listing/queen-of-pets-campbelltown/,"Campbelltown NSW, Australia"
Knack In Tiling,433327871,https://shop.qoin.world/listing/knack-in-tiling/,"151-155 State Route 40, Cairnlea VIC 3023, Australia"
Adorn Aromatherapy Jewellery,423263593,https://shop.qoin.world/listing/adorn-aromatherapy-jewellery/,"1 W Burleigh Rd, Burleigh Heads QLD 4220, Australia"
Queen of Pets - Mount Annan,02 8880 0497,https://shop.qoin.world/listing/queen-of-pets-mount-annan/,"Mount Annan NSW, Australia"
Neeraj Thakur,0433 595 965,https://shop.qoin.world/listing/neeraj-thakur/,"22 Albert Street, Granville NSW 2142, Australia"
Purple Pets - Fitzroy,1300 402 516,https://shop.qoin.world/listing/purple-pets-fitzroy/,"Fitzroy VIC, Australia"
Purple Pets - Dromana,1300 402 516,https://shop.qoin.world/listing/purple-pets-dromana/,"Dromana VIC, Australia"
Purple Pets - Caulfield North,1300 402 516,https://shop.qoin.world/listing/purple-pets-caulfield-north/,"Caulfield North VIC, Australia"
Traffic NSW,478731019,https://shop.qoin.world/listing/traffic-nsw/,"Sydney NSW, Australia"
Tools Made Easy,413744810,https://shop.qoin.world/listing/tools-made-easy/,"shop 3/1934 Gold Coast Hwy, Miami QLD 4220, Australia"
Kamal Manzal,0432 801 157,https://shop.qoin.world/listing/kamal-manzal/,"Footscray VIC, Australia"
Vis-Grow Internships,423737675,https://shop.qoin.world/listing/vis-grow-internships/,"50 Mawson Lakes Boulevard, Mawson Lakes SA 5095, Australia"
Jenny Wagner Designs,402980530,https://shop.qoin.world/listing/jenny-wagner-designs/,"Gold Coast QLD, Australia"
Rapid Lock Services,416191996,https://shop.qoin.world/listing/rapid-lock-services/,"3 Scenic Crescent, Coomera QLD, Australia"
Mary’s Hair Stylists And Day Spa,07 3272 1144,https://shop.qoin.world/listing/marys-hair-stylists-and-day-spa/,"Kameruka Street & Beaudesert Road, Calamvale QLD, Australia"
Sola Protect Pty Ltd,1300 995 099,https://shop.qoin.world/listing/sola-protect-pty-ltd/,"98 Fulcher Road, Red Hill QLD, Australia"
Speakmydialect,422710631,https://shop.qoin.world/listing/speakmydialect/,"3 Atlantic Court, Wyndham Vale VIC, Australia"
Lisa Tamati Enterprises Ltd,21844743,https://shop.qoin.world/listing/lisa-tamati-enterprises-ltd/,New Zealand
Western Office Furniture,0427 816 966,https://shop.qoin.world/listing/western-office-furniture/,"17-19 Orange St, Williamstown North VIC 3016, Australia"
Prabhjit Real Estate Consultant,0469 119 205,https://shop.qoin.world/listing/prabhjit-real-estate-consultant/,"10/228 Gaskell Street, Eight Mile Plains QLD, Australia"
Prabhjit Real Estate Consultant,0469 119 205,https://shop.qoin.world/listing/prabhjit-real-estate-consultant/,"10/228 Gaskell Street, Eight Mile Plains QLD, Australia"
Kamal Taxi Driver,432801157,https://shop.qoin.world/listing/kamal-taxi-driver/,"Melbourne VIC, Australia"
A1 Digging Solutions Pty Ltd,408706372,https://shop.qoin.world/listing/a1-digging-solutions-pty-ltd/,"77 Maroochy Waters Dr, Maroochydore QLD 4558, Australia"
